-- MySQL dump 10.13  Distrib 8.0.42, for Win64 (x86_64)
--
-- Host: localhost    Database: usc
-- ------------------------------------------------------
-- Server version	8.0.42

/*!40101 SET @OLD_CHARACTER_SET_CLIENT=@@CHARACTER_SET_CLIENT */;
/*!40101 SET @OLD_CHARACTER_SET_RESULTS=@@CHARACTER_SET_RESULTS */;
/*!40101 SET @OLD_COLLATION_CONNECTION=@@COLLATION_CONNECTION */;
/*!50503 SET NAMES utf8 */;
/*!40103 SET @OLD_TIME_ZONE=@@TIME_ZONE */;
/*!40103 SET TIME_ZONE='+00:00' */;
/*!40014 SET @OLD_UNIQUE_CHECKS=@@UNIQUE_CHECKS, UNIQUE_CHECKS=0 */;
/*!40014 SET @OLD_FOREIGN_KEY_CHECKS=@@FOREIGN_KEY_CHECKS, FOREIGN_KEY_CHECKS=0 */;
/*!40101 SET @OLD_SQL_MODE=@@SQL_MODE, SQL_MODE='NO_AUTO_VALUE_ON_ZERO' */;
/*!40111 SET @OLD_SQL_NOTES=@@SQL_NOTES, SQL_NOTES=0 */;

--
-- Table structure for table `administrators`
--

DROP TABLE IF EXISTS `administrators`;
/*!40101 SET @saved_cs_client     = @@character_set_client */;
/*!50503 SET character_set_client = utf8mb4 */;
CREATE TABLE `administrators` (
  `ADMIN_ID` int NOT NULL AUTO_INCREMENT,
  `ADMIN_NAME` varchar(255) NOT NULL,
  `ADMIN_PA_LAST_NAME` varchar(255) DEFAULT NULL,
  `ADMIN_MA_LAST_NAME` varchar(255) DEFAULT NULL,
  `USER_ID` int NOT NULL,
  `ADMIN_STATUS` tinyint NOT NULL DEFAULT '1',
  `ADMIN_CREATION` timestamp NULL DEFAULT CURRENT_TIMESTAMP,
  `ADMIN_LAST_UPDATE` timestamp NULL DEFAULT CURRENT_TIMESTAMP ON UPDATE CURRENT_TIMESTAMP,
  PRIMARY KEY (`ADMIN_ID`),
  UNIQUE KEY `USER_ID` (`USER_ID`),
  CONSTRAINT `administrators_ibfk_1` FOREIGN KEY (`USER_ID`) REFERENCES `users` (`USER_ID`) ON DELETE CASCADE ON UPDATE CASCADE,
  CONSTRAINT `administrators_chk_1` CHECK ((`ADMIN_STATUS` in (0,1)))
) ENGINE=InnoDB DEFAULT CHARSET=utf8mb4 COLLATE=utf8mb4_0900_ai_ci;
/*!40101 SET character_set_client = @saved_cs_client */;

--
-- Dumping data for table `administrators`
--

LOCK TABLES `administrators` WRITE;
/*!40000 ALTER TABLE `administrators` DISABLE KEYS */;
/*!40000 ALTER TABLE `administrators` ENABLE KEYS */;
UNLOCK TABLES;

--
-- Table structure for table `careers`
--

DROP TABLE IF EXISTS `careers`;
/*!40101 SET @saved_cs_client     = @@character_set_client */;
/*!50503 SET character_set_client = utf8mb4 */;
CREATE TABLE `careers` (
  `CAREER_ID` int NOT NULL AUTO_INCREMENT,
  `CAREER_NAME` varchar(255) NOT NULL,
  `CAREER_STATUS` tinyint NOT NULL DEFAULT '1',
  `CAREER_CREATION` timestamp NULL DEFAULT CURRENT_TIMESTAMP,
  `CAREER_LAST_UPDATE` timestamp NULL DEFAULT CURRENT_TIMESTAMP ON UPDATE CURRENT_TIMESTAMP,
  PRIMARY KEY (`CAREER_ID`),
  UNIQUE KEY `CAREER_NAME` (`CAREER_NAME`),
  CONSTRAINT `careers_chk_1` CHECK ((`CAREER_STATUS` in (0,1)))
) ENGINE=InnoDB AUTO_INCREMENT=9 DEFAULT CHARSET=utf8mb4 COLLATE=utf8mb4_0900_ai_ci;
/*!40101 SET character_set_client = @saved_cs_client */;

--
-- Dumping data for table `careers`
--

LOCK TABLES `careers` WRITE;
/*!40000 ALTER TABLE `careers` DISABLE KEYS */;
INSERT INTO `careers` VALUES (1,'LICENCIATURA EN INGENIERÍA EN SISTEMAS COMPUTACIONALES',1,'2024-10-10 02:43:40','2025-01-31 18:17:19'),(2,'LICENCIATURA EN ADMINISTRACIÓN DE EMPRESAS',1,'2024-10-10 02:43:40','2024-10-10 02:43:40'),(3,'LICENCIATURA EN ARQUITECTURA',1,'2024-10-10 02:43:40','2024-10-10 02:43:40'),(4,'LICENCIATURA EN CONTADURIA PUBLICA',1,'2024-10-10 02:43:40','2024-10-10 02:43:40'),(5,'LICENCIATURA EN DERECHO',1,'2024-10-10 02:43:40','2024-10-10 02:43:40'),(6,'LICENCIATURA EN DISEÑO GRÁFICO',1,'2024-10-10 02:43:40','2024-10-10 02:43:40'),(7,'LICENCIATURA EN INFORMÁTICA ADMINISTRATIVA',1,'2024-10-10 02:43:40','2024-10-10 02:43:40'),(8,'LICENCIATURA EN TRABAJO SOCIAL',1,'2024-10-10 02:43:40','2024-10-10 02:43:40');
/*!40000 ALTER TABLE `careers` ENABLE KEYS */;
UNLOCK TABLES;

--
-- Table structure for table `certificate_fields`
--

DROP TABLE IF EXISTS `certificate_fields`;
/*!40101 SET @saved_cs_client     = @@character_set_client */;
/*!50503 SET character_set_client = utf8mb4 */;
CREATE TABLE `certificate_fields` (
  `FIELD_ID` int NOT NULL AUTO_INCREMENT,
  `FIELD_NAME` varchar(255) NOT NULL,
  `FIELD_VALUE` varchar(255) NOT NULL,
  PRIMARY KEY (`FIELD_ID`)
) ENGINE=InnoDB AUTO_INCREMENT=11 DEFAULT CHARSET=utf8mb4 COLLATE=utf8mb4_0900_ai_ci;
/*!40101 SET character_set_client = @saved_cs_client */;

--
-- Dumping data for table `certificate_fields`
--

LOCK TABLES `certificate_fields` WRITE;
/*!40000 ALTER TABLE `certificate_fields` DISABLE KEYS */;
INSERT INTO `certificate_fields` VALUES (1,'RÉGIMEN','PARTICULAR'),(2,'TURNO','MIXTO'),(3,'CLAVE','07PSU0063R'),(4,'MODALIDAD','MIXTA'),(5,'RVOE','PSU-159/2019'),(6,'VIGENCIA','2023-04-03'),(7,'SE-CL','SE-CL-24'),(8,'EXP','0000-00-00'),(9,'LEGAL_1','CON FUNDAMENTO EN EL ARTÍCULO 29, FRACCIÓN X, DE LA LEY ORGÁNICA DE LA ADMINISTRACIÓN PÚBLICA DEL ESTADO DE CHIAPAS, 27 FRACCIÓN XX DEL REGLAMENTO INTERIOR DE LA SECRETARIA GENERAL DE GOBIERNO:'),(10,'LEGAL_2','SE LEGALIZA, PREVIO COTEJO CON LA EXISTENTE EN EL CONTROL RESPECTIVO, LA FIRMA QUE ANTECEDE CORRESPONDE A LA DIRECTORA DE EDUCACIÓN SUPERIOR:');
/*!40000 ALTER TABLE `certificate_fields` ENABLE KEYS */;
UNLOCK TABLES;

--
-- Table structure for table `people`
--

DROP TABLE IF EXISTS `people`;
/*!40101 SET @saved_cs_client     = @@character_set_client */;
/*!50503 SET character_set_client = utf8mb4 */;
CREATE TABLE `people` (
  `PEOPLE_ID` int NOT NULL AUTO_INCREMENT,
  `PEOPLE_PREFIX` varchar(255) DEFAULT NULL,
  `PEOPLE_NAME` varchar(255) NOT NULL,
  `PEOPLE_CHARGE` varchar(255) NOT NULL,
  `PEOPLE_GENDER` tinyint NOT NULL,
  PRIMARY KEY (`PEOPLE_ID`),
  CONSTRAINT `people_chk_1` CHECK ((`PEOPLE_GENDER` in (0,1)))
) ENGINE=InnoDB AUTO_INCREMENT=8 DEFAULT CHARSET=utf8mb4 COLLATE=utf8mb4_0900_ai_ci;
/*!40101 SET character_set_client = @saved_cs_client */;

--
-- Dumping data for table `people`
--

LOCK TABLES `people` WRITE;
/*!40000 ALTER TABLE `people` DISABLE KEYS */;
INSERT INTO `people` VALUES (1,'LIC.','LISBETH SÁNCHEZ CÓRDOVA','RESPONSABLE DE SERVICIOS ESCOLARES DE LA UNIVERSIDAD',0),(2,'MTRO.','CARLOS BORROMEO GONZÁLEZ GONZÁLEZ','RECTOR DE LA UNIVERSIDAD',1),(3,'ING.','MARTHA MARLENE ESTRADA ESTRADA','JEFA DEL DEPARTAMENTO DE SERVICIOS ESCOLARES',0),(4,'MTRA.','XÓCHIL CLEMENTE PARRA','DIRECTORA DE EDUCACIÓN SUPERIOR',0),(5,'MTRO.','MANUEL CASTILLEJOS LÓPEZ','JEFE DE LA OFICINA',1),(6,'LIC.','JOSÉ FERNANDO MORENO LÓPEZ','COORDINADOR DE ASUNTOS JURIDICOS DE GOBIERNO',1),(7,'LIC.','SEGUNDO SALDAÑA VAZQUEZ','COTEJO',1);
/*!40000 ALTER TABLE `people` ENABLE KEYS */;
UNLOCK TABLES;

--
-- Table structure for table `scores`
--

DROP TABLE IF EXISTS `scores`;
/*!40101 SET @saved_cs_client     = @@character_set_client */;
/*!50503 SET character_set_client = utf8mb4 */;
CREATE TABLE `scores` (
  `SCORE_ID` int NOT NULL AUTO_INCREMENT,
  `STUDENT_ID` int NOT NULL,
  `SUBJECT_ID` int NOT NULL,
  `SCORE` int NOT NULL,
  `SCORE_OBSERVATION` varchar(255) DEFAULT NULL,
  `SCORE_STATUS` tinyint NOT NULL DEFAULT '1',
  `SCORE_CREATION` timestamp NULL DEFAULT CURRENT_TIMESTAMP,
  `SCORE_LAST_UPDATE` timestamp NULL DEFAULT CURRENT_TIMESTAMP ON UPDATE CURRENT_TIMESTAMP,
  PRIMARY KEY (`SCORE_ID`),
  KEY `STUDENT_ID` (`STUDENT_ID`),
  KEY `SUBJECT_ID` (`SUBJECT_ID`),
  CONSTRAINT `scores_ibfk_1` FOREIGN KEY (`STUDENT_ID`) REFERENCES `students` (`STUDENT_ID`) ON DELETE CASCADE ON UPDATE CASCADE,
  CONSTRAINT `scores_ibfk_2` FOREIGN KEY (`SUBJECT_ID`) REFERENCES `subjects` (`SUBJECT_ID`) ON DELETE CASCADE ON UPDATE CASCADE,
  CONSTRAINT `scores_chk_1` CHECK ((`SCORE` between 0 and 10)),
  CONSTRAINT `scores_chk_2` CHECK ((`SCORE_OBSERVATION` in (_utf8mb4'EX',_utf8mb4'TS',_utf8mb4'EQ',_utf8mb4'REC',_utf8mb4'ex',_utf8mb4'ts',_utf8mb4'eq',_utf8mb4'rec'))),
  CONSTRAINT `scores_chk_3` CHECK ((`SCORE_STATUS` in (0,1)))
) ENGINE=InnoDB DEFAULT CHARSET=utf8mb4 COLLATE=utf8mb4_0900_ai_ci;
/*!40101 SET character_set_client = @saved_cs_client */;

--
-- Dumping data for table `scores`
--

LOCK TABLES `scores` WRITE;
/*!40000 ALTER TABLE `scores` DISABLE KEYS */;
/*!40000 ALTER TABLE `scores` ENABLE KEYS */;
UNLOCK TABLES;

--
-- Table structure for table `students`
--

DROP TABLE IF EXISTS `students`;
/*!40101 SET @saved_cs_client     = @@character_set_client */;
/*!50503 SET character_set_client = utf8mb4 */;
CREATE TABLE `students` (
  `STUDENT_ID` int NOT NULL AUTO_INCREMENT,
  `STUDENT_TUITION` int NOT NULL,
  `STUDENT_NAME` varchar(255) NOT NULL,
  `STUDENT_PA_LAST_NAME` varchar(255) DEFAULT NULL,
  `STUDENT_MA_LAST_NAME` varchar(255) DEFAULT NULL,
  `STUDENT_STATUS` tinyint NOT NULL DEFAULT '1',
  `STUDENT_CREATION` timestamp NULL DEFAULT CURRENT_TIMESTAMP,
  `STUDENT_LAST_UPDATE` timestamp NULL DEFAULT CURRENT_TIMESTAMP ON UPDATE CURRENT_TIMESTAMP,
  PRIMARY KEY (`STUDENT_ID`),
  UNIQUE KEY `STUDENT_TUITION` (`STUDENT_TUITION`),
  CONSTRAINT `students_chk_1` CHECK ((`STUDENT_STATUS` in (0,1)))
) ENGINE=InnoDB DEFAULT CHARSET=utf8mb4 COLLATE=utf8mb4_0900_ai_ci;
/*!40101 SET character_set_client = @saved_cs_client */;

--
-- Dumping data for table `students`
--

LOCK TABLES `students` WRITE;
/*!40000 ALTER TABLE `students` DISABLE KEYS */;
/*!40000 ALTER TABLE `students` ENABLE KEYS */;
UNLOCK TABLES;

--
-- Table structure for table `students_careers`
--

DROP TABLE IF EXISTS `students_careers`;
/*!40101 SET @saved_cs_client     = @@character_set_client */;
/*!50503 SET character_set_client = utf8mb4 */;
CREATE TABLE `students_careers` (
  `ID` int NOT NULL AUTO_INCREMENT,
  `STUDENT_ID` int NOT NULL,
  `CAREER_ID` int NOT NULL,
  `START_DATE` date NOT NULL,
  `END_DATE` date NOT NULL,
  `RELATION_STATUS` tinyint NOT NULL DEFAULT '1',
  `CREATION` timestamp NULL DEFAULT CURRENT_TIMESTAMP,
  `LAST_UPDATE` timestamp NULL DEFAULT CURRENT_TIMESTAMP ON UPDATE CURRENT_TIMESTAMP,
  PRIMARY KEY (`ID`),
  KEY `STUDENT_ID` (`STUDENT_ID`),
  KEY `CAREER_ID` (`CAREER_ID`),
  CONSTRAINT `students_careers_ibfk_1` FOREIGN KEY (`STUDENT_ID`) REFERENCES `students` (`STUDENT_ID`) ON DELETE CASCADE ON UPDATE CASCADE,
  CONSTRAINT `students_careers_ibfk_2` FOREIGN KEY (`CAREER_ID`) REFERENCES `careers` (`CAREER_ID`) ON DELETE CASCADE ON UPDATE CASCADE,
  CONSTRAINT `students_careers_chk_1` CHECK ((`RELATION_STATUS` in (0,1)))
) ENGINE=InnoDB DEFAULT CHARSET=utf8mb4 COLLATE=utf8mb4_0900_ai_ci;
/*!40101 SET character_set_client = @saved_cs_client */;

--
-- Dumping data for table `students_careers`
--

LOCK TABLES `students_careers` WRITE;
/*!40000 ALTER TABLE `students_careers` DISABLE KEYS */;
/*!40000 ALTER TABLE `students_careers` ENABLE KEYS */;
UNLOCK TABLES;

--
-- Table structure for table `subjects`
--

DROP TABLE IF EXISTS `subjects`;
/*!40101 SET @saved_cs_client     = @@character_set_client */;
/*!50503 SET character_set_client = utf8mb4 */;
CREATE TABLE `subjects` (
  `SUBJECT_ID` int NOT NULL AUTO_INCREMENT,
  `CAREER_ID` int NOT NULL,
  `SUBJECT_NAME` varchar(255) NOT NULL,
  `SUBJECT_PERIOD` int NOT NULL,
  `SUBJECT_STATUS` tinyint NOT NULL DEFAULT '1',
  `SUBJECT_CREATION` timestamp NULL DEFAULT CURRENT_TIMESTAMP,
  `SUBJECT_LAST_UPDATE` timestamp NULL DEFAULT CURRENT_TIMESTAMP ON UPDATE CURRENT_TIMESTAMP,
  PRIMARY KEY (`SUBJECT_ID`),
  KEY `CAREER_ID` (`CAREER_ID`),
  CONSTRAINT `subjects_ibfk_1` FOREIGN KEY (`CAREER_ID`) REFERENCES `careers` (`CAREER_ID`) ON DELETE CASCADE ON UPDATE CASCADE,
  CONSTRAINT `subjects_chk_1` CHECK ((`SUBJECT_PERIOD` between 1 and 8)),
  CONSTRAINT `subjects_chk_2` CHECK ((`SUBJECT_STATUS` in (0,1)))
) ENGINE=InnoDB AUTO_INCREMENT=482 DEFAULT CHARSET=utf8mb4 COLLATE=utf8mb4_0900_ai_ci;
/*!40101 SET character_set_client = @saved_cs_client */;

--
-- Dumping data for table `subjects`
--

LOCK TABLES `subjects` WRITE;
/*!40000 ALTER TABLE `subjects` DISABLE KEYS */;
INSERT INTO `subjects` VALUES (1,2,'CONTABILIDAD I',1,1,'2024-10-10 02:44:04','2024-10-10 02:44:04'),(2,2,'ADMINISTRACIÓN BÁSICA',1,1,'2024-10-10 02:44:04','2024-10-10 02:44:04'),(3,2,'CONCEPTOS JURÍDICOS FUNDAMENTALES',1,1,'2024-10-10 02:44:04','2024-10-10 02:44:04'),(4,2,'INFORMÁTICA BÁSICA',1,1,'2024-10-10 02:44:04','2024-10-10 02:44:04'),(5,2,'MICROECONOMÍA I',1,1,'2024-10-10 02:44:04','2024-10-10 02:44:04'),(6,2,'MATEMÁTICAS FINANCIERAS',1,1,'2024-10-10 02:44:04','2024-10-10 02:44:04'),(7,2,'CONTABILIDAD II',2,1,'2024-10-10 02:44:04','2024-10-10 02:44:04'),(8,2,'RECURSOS HUMANOS',2,1,'2024-10-10 02:44:04','2024-10-10 02:44:04'),(9,2,'DERECHO MERCANTIL',2,1,'2024-10-10 02:44:04','2024-10-10 02:44:04'),(10,2,'PRINCIPIOS Y TÉCNICAS DE LA INVESTIGACIÓN',2,1,'2024-10-10 02:44:04','2024-10-10 02:44:04'),(11,2,'MICROECONOMÍA II',2,1,'2024-10-10 02:44:04','2024-10-10 02:44:04'),(12,2,'ESTADÍSTICA I',2,1,'2024-10-10 02:44:04','2024-10-10 02:44:04'),(13,2,'CONTABILIDAD III',3,1,'2024-10-10 02:44:04','2024-10-10 02:44:04'),(14,2,'OPERACIONES',3,1,'2024-10-10 02:44:04','2024-10-10 02:44:04'),(15,2,'DERECHO LABORAL',3,1,'2024-10-10 02:44:04','2024-10-10 02:44:04'),(16,2,'COSTOS I',3,1,'2024-10-10 02:44:04','2024-10-10 02:44:04'),(17,2,'FINANZAS I',3,1,'2024-10-10 02:44:04','2024-10-10 02:44:04'),(18,2,'ESTADÍSTICA II',3,1,'2024-10-10 02:44:04','2024-10-10 02:44:04'),(19,2,'CONTABILIDAD IV',4,1,'2024-10-10 02:44:04','2024-10-10 02:44:04'),(20,2,'DERECHO FISCAL',4,1,'2024-10-10 02:44:04','2024-10-10 02:44:04'),(21,2,'DEFENSA FISCAL Y PROCEDIMIENTOS ADMINISTRATIVOS',4,1,'2024-10-10 02:44:04','2024-10-10 02:44:04'),(22,2,'COSTOS II',4,1,'2024-10-10 02:44:04','2024-10-10 02:44:04'),(23,2,'FINANZAS II',4,1,'2024-10-10 02:44:04','2024-10-10 02:44:04'),(24,2,'ORDENAMIENTOS FISCALES',4,1,'2024-10-10 02:44:04','2024-10-10 02:44:04'),(25,2,'CONTROL DE GESTIÓN',4,1,'2024-10-10 02:44:04','2024-10-10 02:44:04'),(26,2,'CONTABILIDAD INTERMEDIA',5,1,'2024-10-10 02:44:04','2024-10-10 02:44:04'),(27,2,'AUDITORÍA I',5,1,'2024-10-10 02:44:04','2024-10-10 02:44:04'),(28,2,'PRESUPUESTOS',5,1,'2024-10-10 02:44:04','2024-10-10 02:44:04'),(29,2,'ORGANIZACIÓN CONTABLE',5,1,'2024-10-10 02:44:04','2024-10-10 02:44:04'),(30,2,'FINANZAS III',5,1,'2024-10-10 02:44:04','2024-10-10 02:44:04'),(31,2,'RÉGIMEN GENERAL DE EMPRESAS ISR',5,1,'2024-10-10 02:44:04','2024-10-10 02:44:04'),(32,2,'SISTEMA DE CONTROL INTERNO',5,1,'2024-10-10 02:44:04','2024-10-10 02:44:04'),(33,2,'PRINCIPIOS DE CONTABILIDAD EN EL SISTEMA FINANCIERO',6,1,'2024-10-10 02:44:04','2024-10-10 02:44:04'),(34,2,'FINANCIERO',6,1,'2024-10-10 02:44:04','2024-10-10 02:44:04'),(35,2,'AUDITORÍA II',6,1,'2024-10-10 02:44:04','2024-10-10 02:44:04'),(36,2,'AUDITORÍA INTERNA',6,1,'2024-10-10 02:44:04','2024-10-10 02:44:04'),(37,2,'CONTRIBUCIONES INDIRECTAS AL COMERCIO EXTERIOR',6,1,'2024-10-10 02:44:04','2024-10-10 02:44:04'),(38,2,'CASOS DE FINANZAS',6,1,'2024-10-10 02:44:04','2024-10-10 02:44:04'),(39,2,'PERSONAS FISCALES CON ACTIVIDAD EMPRESARIAL',6,1,'2024-10-10 02:44:04','2024-10-10 02:44:04'),(40,2,'SEGURIDAD SOCIAL',6,1,'2024-10-10 02:44:04','2024-10-10 02:44:04'),(41,2,'CONSOLIDACIÓN DE ESTADOS FINANCIEROS',7,1,'2024-10-10 02:44:04','2024-10-10 02:44:04'),(42,2,'AUDITORÍA III',7,1,'2024-10-10 02:44:04','2024-10-10 02:44:04'),(43,2,'CONTRALORÍA',7,1,'2024-10-10 02:44:04','2024-10-10 02:44:04'),(44,2,'COSTOS PARA LAS TOMAS DE DECISIONES',7,1,'2024-10-10 02:44:04','2024-10-10 02:44:04'),(45,2,'INFORMÁTICA FISCAL',7,1,'2024-10-10 02:44:04','2024-10-10 02:44:04'),(46,2,'PERSONAS FÍSICAS CON ACTIVIDADES NO EMPRESARIALES',7,1,'2024-10-10 02:44:04','2024-10-10 02:44:04'),(47,2,'PRÁCTICAS DE CONTABILIDAD',8,1,'2024-10-10 02:44:04','2024-10-10 02:44:04'),(48,2,'TALLER DE AUDITORÍA Y DICTÁMENES FISCALES',8,1,'2024-10-10 02:44:04','2024-10-10 02:44:04'),(49,2,'REFORMAS FISCALES RECIENTES',8,1,'2024-10-10 02:44:04','2024-10-10 02:44:04'),(50,2,'ÉTICA EN LAS ORGANIZACIONES',8,1,'2024-10-10 02:44:04','2024-10-10 02:44:04'),(51,2,'PERSONAS MORALES CON FINES NO LUCRATIVOS',8,1,'2024-10-10 02:44:04','2024-10-10 02:44:04'),(52,2,'RÉGIMEN SIMPLIFICADO ISR',8,1,'2024-10-10 02:44:04','2024-10-10 02:44:04'),(53,2,'SEMINARIO DE JUEGO DE NEGOCIO',8,1,'2024-10-10 02:44:04','2024-10-10 02:44:04'),(54,1,'INTRODUCCIÓN A LA INGENIERÍA EN SISTEMAS COMPUTACIONALES',1,1,'2024-10-10 02:44:22','2024-10-10 02:44:22'),(55,1,'CONTABILIDAD',1,1,'2024-10-10 02:44:22','2024-10-10 02:44:22'),(56,1,'FUNDAMENTOS DE INVESTIGACIÓN',1,1,'2024-10-10 02:44:22','2024-10-10 02:44:22'),(57,1,'ALGORITMOS',1,1,'2024-10-10 02:44:22','2024-10-10 02:44:22'),(58,1,'FÍSICA',1,1,'2024-10-10 02:44:22','2024-10-10 02:44:22'),(59,1,'MATEMÁTICAS I',1,1,'2024-10-10 02:44:22','2024-10-10 02:44:22'),(60,1,'INGENIERÍA ECONÓMICA',2,1,'2024-10-10 02:44:22','2024-10-10 02:44:22'),(61,1,'PROBABILIDAD Y ESTADÍSTICA',2,1,'2024-10-10 02:44:22','2024-10-10 02:44:22'),(62,1,'PROGRAMACIÓN I',2,1,'2024-10-10 02:44:22','2024-10-10 02:44:22'),(63,1,'MATEMÁTICAS DISCRETAS',2,1,'2024-10-10 02:44:22','2024-10-10 02:44:22'),(64,1,'ELECTRICIDAD Y MAGNETISMO',2,1,'2024-10-10 02:44:22','2024-10-10 02:44:22'),(65,1,'MATEMÁTICAS II',2,1,'2024-10-10 02:44:22','2024-10-10 02:44:22'),(66,1,'ESTRUCTURA DE DATOS',2,1,'2024-10-10 02:44:22','2024-10-10 02:44:22'),(67,1,'LENGUAJE ENSAMBLADOR',3,1,'2024-10-10 02:44:22','2024-10-10 02:44:22'),(68,1,'ESTADÍSTICA APLICADA',3,1,'2024-10-10 02:44:22','2024-10-10 02:44:22'),(69,1,'PROGRAMACIÓN II',3,1,'2024-10-10 02:44:22','2024-10-10 02:44:22'),(70,1,'ADMINISTRACIÓN DE ARCHIVOS',3,1,'2024-10-10 02:44:22','2024-10-10 02:44:22'),(71,1,'CIRCUITOS ELÉCTRICOS Y ELECTRÓNICOS',3,1,'2024-10-10 02:44:22','2024-10-10 02:44:22'),(72,1,'MATEMÁTICAS III',3,1,'2024-10-10 02:44:22','2024-10-10 02:44:22'),(73,1,'ARQUITECTURA DE COMPUTADORAS I',3,1,'2024-10-10 02:44:22','2024-10-10 02:44:22'),(74,1,'INVESTIGACIÓN DE OPERACIONES I',4,1,'2024-10-10 02:44:22','2024-10-10 02:44:22'),(75,1,'TEORÍA DE LA COMPUTACIÓN',4,1,'2024-10-10 02:44:22','2024-10-10 02:44:22'),(76,1,'PROGRAMACIÓN III',4,1,'2024-10-10 02:44:22','2024-10-10 02:44:22'),(77,1,'PROGRAMACIÓN DE INTERFACES',4,1,'2024-10-10 02:44:22','2024-10-10 02:44:22'),(78,1,'PARADIGMAS Y LENGUAJES DE PROGRAMACIÓN',4,1,'2024-10-10 02:44:22','2024-10-10 02:44:22'),(79,1,'MATEMÁTICAS IV',4,1,'2024-10-10 02:44:22','2024-10-10 02:44:22'),(80,1,'ARQUITECTURA DE COMPUTADORAS II',4,1,'2024-10-10 02:44:22','2024-10-10 02:44:22'),(81,1,'INVESTIGACIÓN DE OPERACIONES II',5,1,'2024-10-10 02:44:22','2024-10-10 02:44:22'),(82,1,'BASE DE DATOS I',5,1,'2024-10-10 02:44:22','2024-10-10 02:44:22'),(83,1,'PROGRAMACIÓN DE SISTEMAS',5,1,'2024-10-10 02:44:22','2024-10-10 02:44:22'),(84,1,'TEORÍA DE SISTEMAS OPERATIVOS',5,1,'2024-10-10 02:44:22','2024-10-10 02:44:22'),(85,1,'TELEMÁTICA',5,1,'2024-10-10 02:44:22','2024-10-10 02:44:22'),(86,1,'MATEMÁTICAS V',5,1,'2024-10-10 02:44:22','2024-10-10 02:44:22'),(87,1,'COMPILADORES',5,1,'2024-10-10 02:44:22','2024-10-10 02:44:22'),(88,1,'SIMULACIÓN',6,1,'2024-10-10 02:44:22','2024-10-10 02:44:22'),(89,1,'BASE DE DATOS II',6,1,'2024-10-10 02:44:22','2024-10-10 02:44:22'),(90,1,'ADMINISTRACIÓN DE PROYECTOS INFORMÁTICOS',6,1,'2024-10-10 02:44:22','2024-10-10 02:44:22'),(91,1,'SISTEMAS OPERATIVOS MODERNOS',6,1,'2024-10-10 02:44:22','2024-10-10 02:44:22'),(92,1,'REDES I',6,1,'2024-10-10 02:44:22','2024-10-10 02:44:22'),(93,1,'MATEMÁTICAS VI',6,1,'2024-10-10 02:44:22','2024-10-10 02:44:22'),(94,1,'ANÁLISIS Y DISEÑO DE SISTEMAS I',6,1,'2024-10-10 02:44:22','2024-10-10 02:44:22'),(95,1,'INTELIGENCIA ARTIFICIAL',7,1,'2024-10-10 02:44:22','2024-10-10 02:44:22'),(96,1,'AUDITORÍA INFORMÁTICA',7,1,'2024-10-10 02:44:22','2024-10-10 02:44:22'),(97,1,'ADMINISTRACIÓN DE CENTRO DE COMPUTO',7,1,'2024-10-10 02:44:22','2024-10-10 02:44:22'),(98,1,'SEMINARIO I',7,1,'2024-10-10 02:44:22','2024-10-10 02:44:22'),(99,1,'REDES II',7,1,'2024-10-10 02:44:22','2024-10-10 02:44:22'),(100,1,'MATEMÁTICAS VI',7,1,'2024-10-10 02:44:22','2024-12-19 03:27:10'),(101,1,'REDES NEURONALES',8,1,'2024-10-10 02:44:22','2024-10-10 02:44:22'),(102,1,'BASE DE DATOS DISTRIBUIDAS',8,1,'2024-10-10 02:44:22','2024-10-10 02:44:22'),(103,1,'PROGRAMACIÓN DE PÁGINAS WEB',8,1,'2024-10-10 02:44:22','2024-10-10 02:44:22'),(104,1,'SEMINARIO II',8,1,'2024-10-10 02:44:22','2024-10-10 02:44:22'),(105,1,'LÓGICA DIFUSA',8,1,'2024-10-10 02:44:22','2024-10-10 02:44:22'),(106,1,'INGENIERÍA DE SOFTWARE',8,1,'2024-10-10 02:44:22','2024-10-10 02:44:22'),(107,2,'CONTABILIDAD I',1,1,'2024-10-10 02:44:28','2024-10-10 02:44:28'),(108,2,'ADMINISTRACIÓN BÁSICA',1,1,'2024-10-10 02:44:28','2024-10-10 02:44:28'),(109,2,'CONCEPTOS JURÍDICOS FUNDAMENTALES',1,1,'2024-10-10 02:44:28','2024-10-10 02:44:28'),(110,2,'INFORMÁTICA BÁSICA',1,1,'2024-10-10 02:44:28','2024-10-10 02:44:28'),(111,2,'MICROECONOMÍA I',1,1,'2024-10-10 02:44:28','2024-10-10 02:44:28'),(112,2,'MATEMÁTICAS FINANCIERAS',1,1,'2024-10-10 02:44:28','2024-10-10 02:44:28'),(113,2,'CONTABILIDAD II',2,1,'2024-10-10 02:44:28','2024-10-10 02:44:28'),(114,2,'RECURSOS HUMANOS',2,1,'2024-10-10 02:44:28','2024-10-10 02:44:28'),(115,2,'DERECHO MERCANTIL',2,1,'2024-10-10 02:44:28','2024-10-10 02:44:28'),(116,2,'PRINCIPIOS Y TÉCNICAS DE LA INVESTIGACIÓN',2,1,'2024-10-10 02:44:28','2024-10-10 02:44:28'),(117,2,'MICROECONOMÍA II',2,1,'2024-10-10 02:44:28','2024-10-10 02:44:28'),(118,2,'ESTADÍSTICA I',2,1,'2024-10-10 02:44:28','2024-10-10 02:44:28'),(119,2,'CONTABILIDAD III',3,1,'2024-10-10 02:44:28','2024-10-10 02:44:28'),(120,2,'OPERACIONES',3,1,'2024-10-10 02:44:28','2024-10-10 02:44:28'),(121,2,'DERECHO LABORAL',3,1,'2024-10-10 02:44:28','2024-10-10 02:44:28'),(122,2,'COSTOS I',3,1,'2024-10-10 02:44:28','2024-10-10 02:44:28'),(123,2,'FINANZAS I',3,1,'2024-10-10 02:44:28','2024-10-10 02:44:28'),(124,2,'ESTADÍSTICA II',3,1,'2024-10-10 02:44:28','2024-10-10 02:44:28'),(125,2,'CONTABILIDAD IV',4,1,'2024-10-10 02:44:28','2024-10-10 02:44:28'),(126,2,'DERECHO FISCAL',4,1,'2024-10-10 02:44:28','2024-10-10 02:44:28'),(127,2,'DEFENSA FISCAL Y PROCEDIMIENTOS ADMINISTRATIVOS',4,1,'2024-10-10 02:44:28','2024-10-10 02:44:28'),(128,2,'COSTOS II',4,1,'2024-10-10 02:44:28','2024-10-10 02:44:28'),(129,2,'FINANZAS II',4,1,'2024-10-10 02:44:28','2024-10-10 02:44:28'),(130,2,'ORDENAMIENTOS FISCALES',4,1,'2024-10-10 02:44:28','2024-10-10 02:44:28'),(131,2,'CONTROL DE GESTIÓN',4,1,'2024-10-10 02:44:28','2024-10-10 02:44:28'),(132,2,'CONTABILIDAD INTERMEDIA',5,1,'2024-10-10 02:44:28','2024-10-10 02:44:28'),(133,2,'AUDITORÍA I',5,1,'2024-10-10 02:44:28','2024-10-10 02:44:28'),(134,2,'PRESUPUESTOS',5,1,'2024-10-10 02:44:28','2024-10-10 02:44:28'),(135,2,'ORGANIZACIÓN CONTABLE',5,1,'2024-10-10 02:44:28','2024-10-10 02:44:28'),(136,2,'FINANZAS III',5,1,'2024-10-10 02:44:28','2024-10-10 02:44:28'),(137,2,'RÉGIMEN GENERAL DE EMPRESAS ISR',5,1,'2024-10-10 02:44:28','2024-10-10 02:44:28'),(138,2,'SISTEMA DE CONTROL INTERNO',5,1,'2024-10-10 02:44:28','2024-10-10 02:44:28'),(139,2,'PRINCIPIOS DE CONTABILIDAD EN EL SISTEMA FINANCIERO',6,1,'2024-10-10 02:44:28','2024-10-10 02:44:28'),(140,2,'FINANCIERO',6,1,'2024-10-10 02:44:28','2024-10-10 02:44:28'),(141,2,'AUDITORÍA II',6,1,'2024-10-10 02:44:28','2024-10-10 02:44:28'),(142,2,'AUDITORÍA INTERNA',6,1,'2024-10-10 02:44:28','2024-10-10 02:44:28'),(143,2,'CONTRIBUCIONES INDIRECTAS AL COMERCIO EXTERIOR',6,1,'2024-10-10 02:44:28','2024-10-10 02:44:28'),(144,2,'CASOS DE FINANZAS',6,1,'2024-10-10 02:44:28','2024-10-10 02:44:28'),(145,2,'PERSONAS FISCALES CON ACTIVIDAD EMPRESARIAL',6,1,'2024-10-10 02:44:28','2024-10-10 02:44:28'),(146,2,'SEGURIDAD SOCIAL',6,1,'2024-10-10 02:44:28','2024-10-10 02:44:28'),(147,2,'CONSOLIDACIÓN DE ESTADOS FINANCIEROS',7,1,'2024-10-10 02:44:28','2024-10-10 02:44:28'),(148,2,'AUDITORÍA III',7,1,'2024-10-10 02:44:28','2024-10-10 02:44:28'),(149,2,'CONTRALORÍA',7,1,'2024-10-10 02:44:28','2024-10-10 02:44:28'),(150,2,'COSTOS PARA LAS TOMAS DE DECISIONES',7,1,'2024-10-10 02:44:28','2024-10-10 02:44:28'),(151,2,'INFORMÁTICA FISCAL',7,1,'2024-10-10 02:44:28','2024-10-10 02:44:28'),(152,2,'PERSONAS FÍSICAS CON ACTIVIDADES NO EMPRESARIALES',7,1,'2024-10-10 02:44:28','2024-10-10 02:44:28'),(153,2,'PRÁCTICAS DE CONTABILIDAD',8,1,'2024-10-10 02:44:28','2024-10-10 02:44:28'),(154,2,'TALLER DE AUDITORÍA Y DICTÁMENES FISCALES',8,1,'2024-10-10 02:44:28','2024-10-10 02:44:28'),(155,2,'REFORMAS FISCALES RECIENTES',8,1,'2024-10-10 02:44:28','2024-10-10 02:44:28'),(156,2,'ÉTICA EN LAS ORGANIZACIONES',8,1,'2024-10-10 02:44:28','2024-10-10 02:44:28'),(157,2,'PERSONAS MORALES CON FINES NO LUCRATIVOS',8,1,'2024-10-10 02:44:28','2024-10-10 02:44:28'),(158,2,'RÉGIMEN SIMPLIFICADO ISR',8,1,'2024-10-10 02:44:28','2024-10-10 02:44:28'),(159,2,'SEMINARIO DE JUEGO DE NEGOCIO',8,1,'2024-10-10 02:44:28','2024-10-10 02:44:28'),(160,3,'CONTABILIDAD I',1,1,'2024-10-10 02:44:32','2024-10-10 02:44:32'),(161,3,'ADMINISTRACIÓN I',1,1,'2024-10-10 02:44:32','2024-10-10 02:44:32'),(162,3,'INFORMÁTICA BÁSICA I',1,1,'2024-10-10 02:44:32','2024-10-10 02:44:32'),(163,3,'MATEMÁTICAS BÁSICAS',1,1,'2024-10-10 02:44:32','2024-10-10 02:44:32'),(164,3,'NOCIONES DE DERECHO',1,1,'2024-10-10 02:44:32','2024-10-10 02:44:32'),(165,3,'SOCIOLOGÍA DE LA ORGANIZACIÓN',1,1,'2024-10-10 02:44:32','2024-10-10 02:44:32'),(166,3,'METODOLOGÍA DE LA INVESTIGACIÓN',1,1,'2024-10-10 02:44:32','2024-10-10 02:44:32'),(167,3,'CONTABILIDAD II',2,1,'2024-10-10 02:44:32','2024-10-10 02:44:32'),(168,3,'ADMINISTRACIÓN II',2,1,'2024-10-10 02:44:32','2024-10-10 02:44:32'),(169,3,'INFORMÁTICA BÁSICA II',2,1,'2024-10-10 02:44:32','2024-10-10 02:44:32'),(170,3,'MATEMÁTICAS FINANCIERAS',2,1,'2024-10-10 02:44:32','2024-10-10 02:44:32'),(171,3,'DERECHO MERCANTIL',2,1,'2024-10-10 02:44:32','2024-10-10 02:44:32'),(172,3,'MACROECONOMÍA',2,1,'2024-10-10 02:44:32','2024-10-10 02:44:32'),(173,3,'DESARROLLO DE LÍDERES EMPRENDEDORES',2,1,'2024-10-10 02:44:32','2024-10-10 02:44:32'),(174,3,'CONTABILIDAD III',3,1,'2024-10-10 02:44:32','2024-10-10 02:44:32'),(175,3,'ADMINISTRACIÓN III',3,1,'2024-10-10 02:44:32','2024-10-10 02:44:32'),(176,3,'INFORMÁTICA BÁSICA III',3,1,'2024-10-10 02:44:32','2024-10-10 02:44:32'),(177,3,'ESTADÍSTICA I',3,1,'2024-10-10 02:44:32','2024-10-10 02:44:32'),(178,3,'DERECHO DEL TRABAJO',3,1,'2024-10-10 02:44:32','2024-10-10 02:44:32'),(179,3,'MICROECONOMÍA',3,1,'2024-10-10 02:44:32','2024-10-10 02:44:32'),(180,3,'INTRODUCCIÓN AL TURISMO',3,1,'2024-10-10 02:44:32','2024-10-10 02:44:32'),(181,3,'CONTABILIDAD IV',4,1,'2024-10-10 02:44:32','2024-10-10 02:44:32'),(182,3,'ADMINISTRACIÓN DE RECURSOS HUMANOS',4,1,'2024-10-10 02:44:32','2024-10-10 02:44:32'),(183,3,'COSTOS',4,1,'2024-10-10 02:44:32','2024-10-10 02:44:32'),(184,3,'ESTADÍSTICA II',4,1,'2024-10-10 02:44:32','2024-10-10 02:44:32'),(185,3,'ÉTICA DE LOS NEGOCIOS',4,1,'2024-10-10 02:44:32','2024-10-10 02:44:32'),(186,3,'MERCADOTECNIA I',4,1,'2024-10-10 02:44:32','2024-10-10 02:44:32'),(187,3,'PRESUPUESTOS',4,1,'2024-10-10 02:44:32','2024-10-10 02:44:32'),(188,3,'PERSONAL I',5,1,'2024-10-10 02:44:32','2024-10-10 02:44:32'),(189,3,'DESARROLLO DE CAPITAL HUMANO',5,1,'2024-10-10 02:44:32','2024-10-10 02:44:32'),(190,3,'FINANZAS I',5,1,'2024-10-10 02:44:32','2024-10-10 02:44:32'),(191,3,'INVESTIGACIÓN DE OPERACIONES',5,1,'2024-10-10 02:44:32','2024-10-10 02:44:32'),(192,3,'ADMINISTRACIÓN DEL SECTOR PÚBLICO',5,1,'2024-10-10 02:44:32','2024-10-10 02:44:32'),(193,3,'MERCADOTECNIA II',5,1,'2024-10-10 02:44:32','2024-10-10 02:44:32'),(194,3,'PERSONAL II',6,1,'2024-10-10 02:44:32','2024-10-10 02:44:32'),(195,3,'ADQUISICIÓN Y ABASTECIMIENTOS',6,1,'2024-10-10 02:44:32','2024-10-10 02:44:32'),(196,3,'FINANZAS II',6,1,'2024-10-10 02:44:32','2024-10-10 02:44:32'),(197,3,'OPERACIONES',6,1,'2024-10-10 02:44:32','2024-10-10 02:44:32'),(198,3,'PROCEDIMIENTOS FISCALES BÁSICOS',6,1,'2024-10-10 02:44:32','2024-10-10 02:44:32'),(199,3,'MERCADOTECNIA II',6,1,'2024-10-10 02:44:32','2024-10-10 02:44:32'),(200,3,'ADMINISTRACIÓN DE MICRO Y PEQUEÑAS EMPRESAS',6,1,'2024-10-10 02:44:32','2024-10-10 02:44:32'),(201,3,'PERSONAL III',7,1,'2024-10-10 02:44:32','2024-10-10 02:44:32'),(202,3,'DESARROLLO ORGANIZACIONAL',7,1,'2024-10-10 02:44:32','2024-10-10 02:44:32'),(203,3,'FINANZAS III',7,1,'2024-10-10 02:44:32','2024-10-10 02:44:32'),(204,3,'OPERACIONES II',7,1,'2024-10-10 02:44:32','2024-10-10 02:44:32'),(205,3,'SEGURO SOCIAL, INFONAVIT, SAR',7,1,'2024-10-10 02:44:32','2024-10-10 02:44:32'),(206,3,'ADMINISTRACIÓN DE VENTAS',7,1,'2024-10-10 02:44:32','2024-10-10 02:44:32'),(207,3,'CREACIÓN DE EMPRESAS',7,1,'2024-10-10 02:44:32','2024-10-10 02:44:32'),(208,3,'PSICOLOGÍA DEL TRABAJO',8,1,'2024-10-10 02:44:32','2024-10-10 02:44:32'),(209,3,'AUDITORÍA ADMINISTRATIVA',8,1,'2024-10-10 02:44:32','2024-10-10 02:44:32'),(210,3,'ADMINISTRACIÓN PARA LA CALIDAD TOTAL',8,1,'2024-10-10 02:44:32','2024-10-10 02:44:32'),(211,3,'INNOVACIONES TÉCNICAS DE LA ADMINISTRACIÓN',8,1,'2024-10-10 02:44:32','2024-10-10 02:44:32'),(212,3,'PLANEACIÓN ESTRATÉGICA',8,1,'2024-10-10 02:44:32','2024-10-10 02:44:32'),(213,4,'DISEÑO I',1,1,'2024-10-10 02:44:35','2024-10-10 02:44:35'),(214,4,'ALGEBRA SUPERIOR I',1,1,'2024-10-10 02:44:35','2024-10-10 02:44:35'),(215,4,'METODOLOGÍA Y ARQUITECTURA',1,1,'2024-10-10 02:44:35','2024-10-10 02:44:35'),(216,4,'TEORÍA DE LA ARQUITECTURA I',1,1,'2024-10-10 02:44:35','2024-10-10 02:44:35'),(217,4,'TALLER DE PRESENTACIÓN GRÁFICA',1,1,'2024-10-10 02:44:35','2024-10-10 02:44:35'),(218,4,'HISTORIA DE LA ARQUITECTURA I',1,1,'2024-10-10 02:44:35','2024-10-10 02:44:35'),(219,4,'GEOMETRÍA DESCRIPTIVA',1,1,'2024-10-10 02:44:35','2024-10-10 02:44:35'),(220,4,'DISEÑO II',2,1,'2024-10-10 02:44:35','2024-10-10 02:44:35'),(221,4,'ALGEBRA SUPERIOR II',2,1,'2024-10-10 02:44:35','2024-10-10 02:44:35'),(222,4,'ESTÁTICA I',2,1,'2024-10-10 02:44:35','2024-10-10 02:44:35'),(223,4,'TEORÍA DE LA ARQUITECTURA II',2,1,'2024-10-10 02:44:35','2024-10-10 02:44:35'),(224,4,'TOPOGRAFÍA',2,1,'2024-10-10 02:44:35','2024-10-10 02:44:35'),(225,4,'HISTORIA DE LA ARQUITECTURA II',2,1,'2024-10-10 02:44:35','2024-10-10 02:44:35'),(226,4,'PERSPECTIVA I',2,1,'2024-10-10 02:44:35','2024-10-10 02:44:35'),(227,4,'DISEÑO III',3,1,'2024-10-10 02:44:35','2024-10-10 02:44:35'),(228,4,'ALGEBRA SUPERIOR III',3,1,'2024-10-10 02:44:35','2024-10-10 02:44:35'),(229,4,'RESISTENCIA DE MATERIALES',3,1,'2024-10-10 02:44:35','2024-10-10 02:44:35'),(230,4,'RESTAURACIÓN DE MONUMENTOS HISTÓRICOS I',3,1,'2024-10-10 02:44:35','2024-10-10 02:44:35'),(231,4,'MATERIALES Y PROCESOS DE CONSTRUCCIÓN I',3,1,'2024-10-10 02:44:35','2024-10-10 02:44:35'),(232,4,'HISTORIA DE LA ARQUITECTURA III',3,1,'2024-10-10 02:44:35','2024-10-10 02:44:35'),(233,4,'PERSPECTIVA II',3,1,'2024-10-10 02:44:35','2024-10-10 02:44:35'),(234,4,'DISEÑO IV',4,1,'2024-10-10 02:44:35','2024-10-10 02:44:35'),(235,4,'INSTALACIONES DE EDIFICIOS I',4,1,'2024-10-10 02:44:35','2024-10-10 02:44:35'),(236,4,'RESISTENCIA DE MATERIALES II',4,1,'2024-10-10 02:44:35','2024-10-10 02:44:35'),(237,4,'RESTAURACIÓN DE MONUMENTOS HISTÓRICOS II',4,1,'2024-10-10 02:44:35','2024-10-10 02:44:35'),(238,4,'MATERIALES Y PROCESOS DE CONSTRUCCIÓN II',4,1,'2024-10-10 02:44:35','2024-10-10 02:44:35'),(239,4,'HISTORIA DE LA ARQUITECTURA IV',4,1,'2024-10-10 02:44:35','2024-10-10 02:44:35'),(240,4,'CONFORT AMBIENTAL',4,1,'2024-10-10 02:44:35','2024-10-10 02:44:35'),(241,4,'DISEÑO V',5,1,'2024-10-10 02:44:35','2024-10-10 02:44:35'),(242,4,'INSTALACIONES DE EDIFICIOS II',5,1,'2024-10-10 02:44:35','2024-10-10 02:44:35'),(243,4,'CONCRETO I',5,1,'2024-10-10 02:44:35','2024-10-10 02:44:35'),(244,4,'RESTAURACIÓN DE MONUMENTOS HISTÓRICOS III',5,1,'2024-10-10 02:44:35','2024-10-10 02:44:35'),(245,4,'MATERIALES Y PROCESOS DE CONSTRUCCIÓN III',5,1,'2024-10-10 02:44:35','2024-10-10 02:44:35'),(246,4,'HISTORIA DE LA ARQUITECTURA V',5,1,'2024-10-10 02:44:35','2024-10-10 02:44:35'),(247,4,'ADMINISTRACIÓN DE OBRA',5,1,'2024-10-10 02:44:35','2024-10-10 02:44:35'),(248,4,'DISEÑO VI',6,1,'2024-10-10 02:44:35','2024-10-10 02:44:35'),(249,4,'URBANISMO I',6,1,'2024-10-10 02:44:35','2024-10-10 02:44:35'),(250,4,'CONCRETO II',6,1,'2024-10-10 02:44:35','2024-10-10 02:44:35'),(251,4,'ESTRUCTURAS II',6,1,'2024-10-10 02:44:35','2024-10-10 02:44:35'),(252,4,'TALLER DE CONSTRUCCIÓN I',6,1,'2024-10-10 02:44:35','2024-10-10 02:44:35'),(253,4,'HISTORIA DE LA ARQUITECTURA VI',6,1,'2024-10-10 02:44:35','2024-10-10 02:44:35'),(254,4,'INTRODUCCIÓN A LOS SISTEMAS DE CÓMPUTO',6,1,'2024-10-10 02:44:35','2024-10-10 02:44:35'),(255,4,'DISEÑO VII',7,1,'2024-10-10 02:44:35','2024-10-10 02:44:35'),(256,4,'URBANISMO II',7,1,'2024-10-10 02:44:35','2024-10-10 02:44:35'),(257,4,'PSICOLOGÍA AMBIENTAL',7,1,'2024-10-10 02:44:35','2024-10-10 02:44:35'),(258,4,'ESTRUCTURAS II',7,1,'2024-10-10 02:44:35','2024-10-10 02:44:35'),(259,4,'TALLER DE CONSTRUCCIÓN II',7,1,'2024-10-10 02:44:35','2024-10-10 02:44:35'),(260,4,'DISEÑO CRÍTICO DE LA ARQUITECTURA',7,1,'2024-10-10 02:44:35','2024-10-10 02:44:35'),(261,4,'DISEÑO ASISTIDO POR COMPUTADORA I',7,1,'2024-10-10 02:44:35','2024-10-10 02:44:35'),(262,4,'DISEÑO VIII',8,1,'2024-10-10 02:44:35','2024-10-10 02:44:35'),(263,4,'ARQUITECTURA DE PAISAJE',8,1,'2024-10-10 02:44:35','2024-10-10 02:44:35'),(264,4,'TALLER INTEGRAL',8,1,'2024-10-10 02:44:35','2024-10-10 02:44:35'),(265,4,'ESTRUCTURAS III',8,1,'2024-10-10 02:44:35','2024-10-10 02:44:35'),(266,4,'TALLER DE CONSTRUCCIÓN III',8,1,'2024-10-10 02:44:35','2024-10-10 02:44:35'),(267,4,'REGENERACIÓN URBANA - AMBIENTE Y DE IMAGEN URBANA',8,1,'2024-10-10 02:44:35','2024-10-10 02:44:35'),(268,4,'DISEÑO ASISTIDO POR COMPUTADORA II',8,1,'2024-10-10 02:44:35','2024-10-10 02:44:35'),(269,5,'TEORÍA DEL DISEÑO I',1,1,'2024-10-10 02:44:38','2024-10-10 02:44:38'),(270,5,'TALLER DE DISEÑO I',1,1,'2024-10-10 02:44:38','2024-10-10 02:44:38'),(271,5,'INTRODUCCIÓN A LA COMUNICACIÓN',1,1,'2024-10-10 02:44:38','2024-10-10 02:44:38'),(272,5,'ESTRUCTURAS BÁSICAS PARA EL DIBUJO',1,1,'2024-10-10 02:44:38','2024-10-10 02:44:38'),(273,5,'MÉTODOS DE REPRODUCCIÓN I',1,1,'2024-10-10 02:44:38','2024-10-10 02:44:38'),(274,5,'INTRODUCCIÓN A LOS MEDIOS IMPRESOS',1,1,'2024-10-10 02:44:38','2024-10-10 02:44:38'),(275,5,'HISTORIA DEL ARTE Y DEL DISEÑO',1,1,'2024-10-10 02:44:38','2024-10-10 02:44:38'),(276,5,'TEORÍA DEL DISEÑO II',2,1,'2024-10-10 02:44:38','2024-10-10 02:44:38'),(277,5,'TALLER DE DISEÑO II',2,1,'2024-10-10 02:44:38','2024-10-10 02:44:38'),(278,5,'COMUNICACIÓN I',2,1,'2024-10-10 02:44:38','2024-10-10 02:44:38'),(279,5,'VOLUMEN DEL DIBUJO',2,1,'2024-10-10 02:44:38','2024-10-10 02:44:38'),(280,5,'MÉTODO DE REPRODUCCIÓN II',2,1,'2024-10-10 02:44:38','2024-10-10 02:44:38'),(281,5,'TIPOGRAFÍA I',2,1,'2024-10-10 02:44:38','2024-10-10 02:44:38'),(282,5,'GEOMETRÍA Y DESCRIPTIVA',2,1,'2024-10-10 02:44:38','2024-10-10 02:44:38'),(283,5,'TEORÍA DEL DISEÑO III',3,1,'2024-10-10 02:44:38','2024-10-10 02:44:38'),(284,5,'DISEÑO DE EMPAQUES',3,1,'2024-10-10 02:44:38','2024-10-10 02:44:38'),(285,5,'COMUNICACIÓN II',3,1,'2024-10-10 02:44:38','2024-10-10 02:44:38'),(286,5,'DIBUJO DEL CUERPO HUMANO',3,1,'2024-10-10 02:44:38','2024-10-10 02:44:38'),(287,5,'MÉTODO DE REPRODUCCIÓN III',3,1,'2024-10-10 02:44:38','2024-10-10 02:44:38'),(288,5,'TIPOGRAFÍA II',3,1,'2024-10-10 02:44:38','2024-10-10 02:44:38'),(289,5,'PERSPECTIVA',3,1,'2024-10-10 02:44:38','2024-10-10 02:44:38'),(290,5,'TEORÍA DEL DISEÑO IV',4,1,'2024-10-10 02:44:38','2024-10-10 02:44:38'),(291,5,'DISEÑOS DE ENVASE',4,1,'2024-10-10 02:44:38','2024-10-10 02:44:38'),(292,5,'COMUNICACIÓN AUDIOVISUAL',4,1,'2024-10-10 02:44:38','2024-10-10 02:44:38'),(293,5,'TÉCNICAS DE PRESENTACIÓN I',4,1,'2024-10-10 02:44:38','2024-10-10 02:44:38'),(294,5,'COMPUTACIÓN GRÁFICA I',4,1,'2024-10-10 02:44:38','2024-10-10 02:44:38'),(295,5,'FOTOGRAFÍA',4,1,'2024-10-10 02:44:38','2024-10-10 02:44:38'),(296,5,'ADMINISTRACIÓN DEL DISEÑO',4,1,'2024-10-10 02:44:38','2024-10-10 02:44:38'),(297,5,'ESTÉTICA',5,1,'2024-10-10 02:44:38','2024-10-10 02:44:38'),(298,5,'IMAGEN CORPORATIVA',5,1,'2024-10-10 02:44:38','2024-10-10 02:44:38'),(299,5,'ILUSTRACIÓN',5,1,'2024-10-10 02:44:38','2024-10-10 02:44:38'),(300,5,'TÉCNICAS DE REPRESENTACIÓN II',5,1,'2024-10-10 02:44:38','2024-10-10 02:44:38'),(301,5,'COMPUTACIÓN GRÁFICA II',5,1,'2024-10-10 02:44:38','2024-10-10 02:44:38'),(302,5,'FOTOGRAFÍA II',5,1,'2024-10-10 02:44:38','2024-10-10 02:44:38'),(303,5,'CONTABILIDAD Y FINANZAS PARA EL DISEÑO',5,1,'2024-10-10 02:44:38','2024-10-10 02:44:38'),(304,5,'MERCADOTÉCNICA Y PUBLICIDAD',6,1,'2024-10-10 02:44:38','2024-10-10 02:44:38'),(305,5,'CARTEL',6,1,'2024-10-10 02:44:38','2024-10-10 02:44:38'),(306,5,'DIBUJO DE ANIMACIÓN',6,1,'2024-10-10 02:44:38','2024-10-10 02:44:38'),(307,5,'TÉCNICAS DE REPRESENTACIÓN III',6,1,'2024-10-10 02:44:38','2024-10-10 02:44:38'),(308,5,'COMPUTACIÓN GRÁFICA III',6,1,'2024-10-10 02:44:38','2024-10-10 02:44:38'),(309,5,'MEDIOS DE DIFUSIÓN',6,1,'2024-10-10 02:44:38','2024-10-10 02:44:38'),(310,5,'SEÑALETICA',7,1,'2024-10-10 02:44:38','2024-10-10 02:44:38'),(311,5,'DISEÑO EDITORIAL',7,1,'2024-10-10 02:44:38','2024-10-10 02:44:38'),(312,5,'ORGANIZACIÓN Y PRODUCCIÓN GRÁFICA I',7,1,'2024-10-10 02:44:38','2024-10-10 02:44:38'),(313,5,'METODOLOGÍA DE LA INVESTIGACIÓN',7,1,'2024-10-10 02:44:38','2024-10-10 02:44:38'),(314,5,'COMPUTACIÓN GRÁFICA IV',7,1,'2024-10-10 02:44:38','2024-10-10 02:44:38'),(315,5,'MEDIOS AUDIOVISUALES',7,1,'2024-10-10 02:44:38','2024-10-10 02:44:38'),(316,5,'DESARROLLO DE CAMPAÑAS',8,1,'2024-10-10 02:44:38','2024-10-10 02:44:38'),(317,5,'DISEÑO DE INTERIORES',8,1,'2024-10-10 02:44:38','2024-10-10 02:44:38'),(318,5,'ORGANIZACIÓN Y PRODUCCIÓN GRÁFICA II',8,1,'2024-10-10 02:44:38','2024-10-10 02:44:38'),(319,5,'PÁGINAS WEB',8,1,'2024-10-10 02:44:38','2024-10-10 02:44:38'),(320,5,'TALLER DE REALIZACIÓN',8,1,'2024-10-10 02:44:38','2024-10-10 02:44:38'),(321,5,'PROYECTO TERMINAL',8,1,'2024-10-10 02:44:38','2024-10-10 02:44:38'),(322,6,'CONTABILIDAD I',1,1,'2024-10-10 02:44:43','2024-10-10 02:44:43'),(323,6,'ADMINISTRACIÓN I',1,1,'2024-10-10 02:44:43','2024-10-10 02:44:43'),(324,6,'INFORMÁTICA BÁSICA I',1,1,'2024-10-10 02:44:43','2024-10-10 02:44:43'),(325,6,'MATEMÁTICAS BÁSICAS',1,1,'2024-10-10 02:44:43','2024-10-10 02:44:43'),(326,6,'NOCIONES DE DERECHO',1,1,'2024-10-10 02:44:43','2024-10-10 02:44:43'),(327,6,'METODOLOGÍA DE LA INVESTIGACIÓN',1,1,'2024-10-10 02:44:43','2024-10-10 02:44:43'),(328,6,'CONTABILIDAD II',2,1,'2024-10-10 02:44:43','2024-10-10 02:44:43'),(329,6,'ADMINISTRACIÓN II',2,1,'2024-10-10 02:44:43','2024-10-10 02:44:43'),(330,6,'INFORMÁTICA BÁSICA II',2,1,'2024-10-10 02:44:43','2024-10-10 02:44:43'),(331,6,'MATEMÁTICAS FINANCIERAS',2,1,'2024-10-10 02:44:43','2024-10-10 02:44:43'),(332,6,'DERECHO MERCANTIL',2,1,'2024-10-10 02:44:43','2024-10-10 02:44:43'),(333,6,'SOCIOLOGÍA DE LA ORGANIZACIÓN',2,1,'2024-10-10 02:44:43','2024-10-10 02:44:43'),(334,6,'CONTABILIDAD III',3,1,'2024-10-10 02:44:43','2024-10-10 02:44:43'),(335,6,'ADMINISTRACIÓN III',3,1,'2024-10-10 02:44:43','2024-10-10 02:44:43'),(336,6,'INFORMÁTICA BÁSICA III',3,1,'2024-10-10 02:44:43','2024-10-10 02:44:43'),(337,6,'ESTADÍSTICA I',3,1,'2024-10-10 02:44:43','2024-10-10 02:44:43'),(338,6,'DERECHO DEL TRABAJO',3,1,'2024-10-10 02:44:43','2024-10-10 02:44:43'),(339,6,'MACROECONOMÍA',3,1,'2024-10-10 02:44:43','2024-10-10 02:44:43'),(340,6,'DESARROLLO DE LÍDERES EMPRENDEDORES',3,1,'2024-10-10 02:44:43','2024-10-10 02:44:43'),(341,6,'CONTABILIDAD IV',4,1,'2024-10-10 02:44:43','2024-10-10 02:44:43'),(342,6,'ADMINISTRACIÓN DE RECURSOS HUMANOS',4,1,'2024-10-10 02:44:43','2024-10-10 02:44:43'),(343,6,'COSTOS I',4,1,'2024-10-10 02:44:43','2024-10-10 02:44:43'),(344,6,'ESTADÍSTICAS II',4,1,'2024-10-10 02:44:43','2024-10-10 02:44:43'),(345,6,'CREACIÓN DE EMPRESAS',4,1,'2024-10-10 02:44:43','2024-10-10 02:44:43'),(346,6,'MICROECONOMÍA',4,1,'2024-10-10 02:44:43','2024-10-10 02:44:43'),(347,6,'ÉTICA DE LOS NEGOCIOS',4,1,'2024-10-10 02:44:43','2024-10-10 02:44:43'),(348,6,'INTRODUCCIÓN A LA PROGRAMACIÓN',5,1,'2024-10-10 02:44:43','2024-10-10 02:44:43'),(349,6,'MATEMÁTICAS AVANZADAS I',5,1,'2024-10-10 02:44:43','2024-10-10 02:44:43'),(350,6,'PROGRAMACIÓN DE INTERFACES',5,1,'2024-10-10 02:44:43','2024-10-10 02:44:43'),(351,6,'ESTRUCTURA DE DATOS Y ORGANIZACIÓN DE ARCHIVOS',5,1,'2024-10-10 02:44:43','2024-10-10 02:44:43'),(352,6,'INVESTIGACIÓN DE OPERACIONES',5,1,'2024-10-10 02:44:43','2024-10-10 02:44:43'),(353,6,'INFORMÁTICA IV',5,1,'2024-10-10 02:44:43','2024-10-10 02:44:43'),(354,6,'PROGRAMACIÓN DE SISTEMAS',6,1,'2024-10-10 02:44:43','2024-10-10 02:44:43'),(355,6,'MATEMÁTICAS AVANZADAS II',6,1,'2024-10-10 02:44:43','2024-10-10 02:44:43'),(356,6,'BASE DE DATOS',6,1,'2024-10-10 02:44:43','2024-10-10 02:44:43'),(357,6,'DIRECCIÓN',6,1,'2024-10-10 02:44:43','2024-10-10 02:44:43'),(358,6,'SISTEMAS DE INFORMACIÓN I',6,1,'2024-10-10 02:44:43','2024-10-10 02:44:43'),(359,6,'INFORMÁTICA IV',6,1,'2024-10-10 02:44:43','2024-10-10 02:44:43'),(360,6,'TELECOMUNICACIONES I',7,1,'2024-10-10 02:44:43','2024-10-10 02:44:43'),(361,6,'MATEMÁTICAS AVANZADAS III',7,1,'2024-10-10 02:44:43','2024-10-10 02:44:43'),(362,6,'LABORATORIO DE BASE DE DATOS',7,1,'2024-10-10 02:44:43','2024-10-10 02:44:43'),(363,6,'ORGANIZACIÓN DE COMPUTADORAS I',7,1,'2024-10-10 02:44:43','2024-10-10 02:44:43'),(364,6,'SISTEMAS DE INFORMACIÓN II',7,1,'2024-10-10 02:44:43','2024-10-10 02:44:43'),(365,6,'ADMINISTRACIÓN DE CENTROS DE CÓMPUTO',7,1,'2024-10-10 02:44:43','2024-10-10 02:44:43'),(366,6,'TELECOMUNICACIONES II',8,1,'2024-10-10 02:44:43','2024-10-10 02:44:43'),(367,6,'MATEMÁTICAS AVANZADAS IV',8,1,'2024-10-10 02:44:43','2024-10-10 02:44:43'),(368,6,'SIMULACIÓN DE SISTEMAS',8,1,'2024-10-10 02:44:43','2024-10-10 02:44:43'),(369,6,'ORGANIZACIÓN DE COMPUTADORAS II',8,1,'2024-10-10 02:44:43','2024-10-10 02:44:43'),(370,7,'INTRODUCCIÓN AL ESTUDIO DEL DERECHO',1,1,'2024-10-10 02:44:47','2024-10-10 02:44:47'),(371,7,'DERECHO MERCANTIL',1,1,'2024-10-10 02:44:47','2024-10-10 02:44:47'),(372,7,'DERECHO PENAL',1,1,'2024-10-10 02:44:47','2024-10-10 02:44:47'),(373,7,'ACTO JURÍDICO Y PERSONAS',1,1,'2024-10-10 02:44:47','2024-10-10 02:44:47'),(374,7,'HISTORIA DEL DERECHO EN MÉXICO',1,1,'2024-10-10 02:44:47','2024-10-10 02:44:47'),(375,7,'DERECHO ROMANO I',1,1,'2024-10-10 02:44:47','2024-10-10 02:44:47'),(376,7,'METODOLOGÍA DE LA INVESTIGACIÓN',1,1,'2024-10-10 02:44:47','2024-10-10 02:44:47'),(377,7,'ÉTICA JURÍDICA',2,1,'2024-10-10 02:44:47','2024-10-10 02:44:47'),(378,7,'SOCIEDADES MERCANTILES',2,1,'2024-10-10 02:44:47','2024-10-10 02:44:47'),(379,7,'TEORÍA DEL DELITO',2,1,'2024-10-10 02:44:47','2024-10-10 02:44:47'),(380,7,'BIENES Y DERECHO REALES',2,1,'2024-10-10 02:44:47','2024-10-10 02:44:47'),(381,7,'DERECHO CONSTITUCIONAL',2,1,'2024-10-10 02:44:47','2024-10-10 02:44:47'),(382,7,'DERECHO ROMANO II',2,1,'2024-10-10 02:44:47','2024-10-10 02:44:47'),(383,7,'DERECHO ELECTORAL',2,1,'2024-10-10 02:44:47','2024-10-10 02:44:47'),(384,7,'DERECHO ADMINISTRATIVO I',3,1,'2024-10-10 02:44:47','2024-10-10 02:44:47'),(385,7,'TÍTULOS DE CRÉDITO',3,1,'2024-10-10 02:44:47','2024-10-10 02:44:47'),(386,7,'DELITOS EN PARTICULAR Y ESPECIALES',3,1,'2024-10-10 02:44:47','2024-10-10 02:44:47'),(387,7,'OBLIGACIONES',3,1,'2024-10-10 02:44:47','2024-10-10 02:44:47'),(388,7,'DERECHOS HUMANOS Y SUS GARANTÍAS',3,1,'2024-10-10 02:44:47','2024-10-10 02:44:47'),(389,7,'DERECHO INDIVIDUAL DEL TRABAJO',3,1,'2024-10-10 02:44:47','2024-10-10 02:44:47'),(390,7,'TALLER DE REDACCIÓN JURÍDICA',3,1,'2024-10-10 02:44:47','2024-10-10 02:44:47'),(391,7,'DERECHO ADMINISTRATIVO II',4,1,'2024-10-10 02:44:47','2024-10-10 02:44:47'),(392,7,'OPERACIONES DE CRÉDITO',4,1,'2024-10-10 02:44:47','2024-10-10 02:44:47'),(393,7,'DERECHO PROCESAL PENAL',4,1,'2024-10-10 02:44:47','2024-10-10 02:44:47'),(394,7,'CONTRATOS CIVILES',4,1,'2024-10-10 02:44:47','2024-10-10 02:44:47'),(395,7,'AMPARO I',4,1,'2024-10-10 02:44:47','2024-10-10 02:44:47'),(396,7,'DERECHO COLECTIVO DEL TRABAJO',4,1,'2024-10-10 02:44:47','2024-10-10 02:44:47'),(397,7,'ARGUMENTACIÓN JURÍDICA',4,1,'2024-10-10 02:44:47','2024-10-10 02:44:47'),(398,7,'DERECHO PROCESAL ADMINISTRATIVO',5,1,'2024-10-10 02:44:47','2024-10-10 02:44:47'),(399,7,'CONTRATOS MERCANTILES',5,1,'2024-10-10 02:44:47','2024-10-10 02:44:47'),(400,7,'ETAPA PRELIMINAR',5,1,'2024-10-10 02:44:47','2024-10-10 02:44:47'),(401,7,'DERECHO FAMILIAR',5,1,'2024-10-10 02:44:47','2024-10-10 02:44:47'),(402,7,'AMPARO II',5,1,'2024-10-10 02:44:47','2024-10-10 02:44:47'),(403,7,'DERECHO A LA SEGURIDAD SOCIAL',5,1,'2024-10-10 02:44:47','2024-10-10 02:44:47'),(404,7,'DERECHO INTERNACIONAL PÚBLICO',5,1,'2024-10-10 02:44:47','2024-10-10 02:44:47'),(405,7,'DERECHO NOTARIAL Y REGISTRAL',6,1,'2024-10-10 02:44:47','2024-10-10 02:44:47'),(406,7,'JUICIO EJECUTIVO Y MERCANTIL',6,1,'2024-10-10 02:44:47','2024-10-10 02:44:47'),(407,7,'ETAPA INTERMEDIA',6,1,'2024-10-10 02:44:47','2024-10-10 02:44:47'),(408,7,'DERECHO SUCESORIO',6,1,'2024-10-10 02:44:47','2024-10-10 02:44:47'),(409,7,'FISCAL I',6,1,'2024-10-10 02:44:47','2024-10-10 02:44:47'),(410,7,'DERECHO PROCESAL DEL TRABAJO',6,1,'2024-10-10 02:44:47','2024-10-10 02:44:47'),(411,7,'DERECHO INTERNACIONAL PRIVADO',6,1,'2024-10-10 02:44:47','2024-10-10 02:44:47'),(412,7,'DERECHO EMPRESARIAL',7,1,'2024-10-10 02:44:47','2024-10-10 02:44:47'),(413,7,'JUICIO ORAL MERCANTIL',7,1,'2024-10-10 02:44:47','2024-10-10 02:44:47'),(414,7,'ETAPA DE JUICIO ORAL',7,1,'2024-10-10 02:44:47','2024-10-10 02:44:47'),(415,7,'DERECHO PROCESAL CIVIL I',7,1,'2024-10-10 02:44:47','2024-10-10 02:44:47'),(416,7,'FISCAL II',7,1,'2024-10-10 02:44:47','2024-10-10 02:44:47'),(417,7,'CRIMINALÍSTICA',7,1,'2024-10-10 02:44:47','2024-10-10 02:44:47'),(418,7,'DERECHO AGRARIO',7,1,'2024-10-10 02:44:47','2024-10-10 02:44:47'),(419,7,'DERECHO PENITENCIARIO Y EJECUCIÓN DE SENTENCIAS',8,1,'2024-10-10 02:44:47','2024-10-10 02:44:47'),(420,7,'TÉCNICAS DE EXPRESIÓN',8,1,'2024-10-10 02:44:47','2024-10-10 02:44:47'),(421,7,'TALLER DE LITIGACIÓN EN JUICIO ORAL',8,1,'2024-10-10 02:44:47','2024-10-10 02:44:47'),(422,7,'DERECHO Y PROCESAL CIVIL II',8,1,'2024-10-10 02:44:47','2024-10-10 02:44:47'),(423,7,'PROCESOS Y PROCEDIMIENTOS FISCALES',8,1,'2024-10-10 02:44:47','2024-10-10 02:44:47'),(424,7,'MEDICINA LEGAL',8,1,'2024-10-10 02:44:47','2024-10-10 02:44:47'),(425,7,'DERECHO PROCESAL AGRARIO',8,1,'2024-10-10 02:44:47','2024-10-10 02:44:47'),(426,8,'TRABAJO SOCIAL I',1,1,'2024-10-10 02:44:52','2024-10-10 02:44:52'),(427,8,'COMPUTACIÓN I',1,1,'2024-10-10 02:44:52','2024-10-10 02:44:52'),(428,8,'ESTADÍSTICA I',1,1,'2024-10-10 02:44:52','2024-10-10 02:44:52'),(429,8,'FILOSOFÍA I',1,1,'2024-10-10 02:44:52','2024-10-10 02:44:52'),(430,8,'GEOHISTORIA CONTEMPORÁNEA DE MÉXICO',1,1,'2024-10-10 02:44:52','2024-10-10 02:44:52'),(431,8,'ANTROPOLOGÍA I',1,1,'2024-10-10 02:44:52','2024-10-10 02:44:52'),(432,8,'COMUNICACIÓN I',1,1,'2024-10-10 02:44:52','2024-10-10 02:44:52'),(433,8,'TRABAJO SOCIAL II',2,1,'2024-10-10 02:44:52','2024-10-10 02:44:52'),(434,8,'COMPUTACIÓN II',2,1,'2024-10-10 02:44:52','2024-10-10 02:44:52'),(435,8,'ESTADÍSTICA II',2,1,'2024-10-10 02:44:52','2024-10-10 02:44:52'),(436,8,'FILOSOFÍA II',2,1,'2024-10-10 02:44:52','2024-10-10 02:44:52'),(437,8,'ANÁLISIS SOCIOECONÓMICO Y POLÍTICO DE MÉXICO',2,1,'2024-10-10 02:44:52','2024-10-10 02:44:52'),(438,8,'ANTROPOLOGÍA II',2,1,'2024-10-10 02:44:52','2024-10-10 02:44:52'),(439,8,'COMUNICACIÓN II',2,1,'2024-10-10 02:44:52','2024-10-10 02:44:52'),(440,8,'TRABAJO SOCIAL III',3,1,'2024-10-10 02:44:52','2024-10-10 02:44:52'),(441,8,'COMPUTACIÓN III',3,1,'2024-10-10 02:44:52','2024-10-10 02:44:52'),(442,8,'ESTADÍSTICA III',3,1,'2024-10-10 02:44:52','2024-10-10 02:44:52'),(443,8,'PRINCIPIOS GENERALES DEL DERECHO',3,1,'2024-10-10 02:44:52','2024-10-10 02:44:52'),(444,8,'CULTURAS INDÍGENAS DE LA ENTIDAD I',3,1,'2024-10-10 02:44:52','2024-10-10 02:44:52'),(445,8,'GEOHISTORIA DE CHIAPAS',3,1,'2024-10-10 02:44:52','2024-10-10 02:44:52'),(446,8,'TALLER DE TÉCNICA DE ENSEÑANZA',3,1,'2024-10-10 02:44:52','2024-10-10 02:44:52'),(447,8,'TRABAJO SOCIAL IV',4,1,'2024-10-10 02:44:52','2024-10-10 02:44:52'),(448,8,'ESTADÍSTICA IV',4,1,'2024-10-10 02:44:52','2024-10-10 02:44:52'),(449,8,'DERECHO CONSTITUCIONAL',4,1,'2024-10-10 02:44:52','2024-10-10 02:44:52'),(450,8,'CULTURAS INDÍGENAS DE LA ENTIDAD II',4,1,'2024-10-10 02:44:52','2024-10-10 02:44:52'),(451,8,'ANÁLISIS SOCIOECONÓMICO Y POLÍTICO DE CHIAPAS',4,1,'2024-10-10 02:44:52','2024-10-10 02:44:52'),(452,8,'TALLER DE ELABORACIÓN DE MATERIAL DIDÁCTICO',4,1,'2024-10-10 02:44:52','2024-10-10 02:44:52'),(453,8,'PRÁCTICAS DE TRABAJO SOCIAL I',4,1,'2024-10-10 02:44:52','2024-10-10 02:44:52'),(454,8,'TRABAJO SOCIAL V',5,1,'2024-10-10 02:44:52','2024-10-10 02:44:52'),(455,8,'ADMINISTRACIÓN',5,1,'2024-10-10 02:44:52','2024-10-10 02:44:52'),(456,8,'DERECHOS HUMANOS',5,1,'2024-10-10 02:44:52','2024-10-10 02:44:52'),(457,8,'PSICOLOGÍA SOCIAL',5,1,'2024-10-10 02:44:52','2024-10-10 02:44:52'),(458,8,'NOCIONES DE SALUD PÚBLICA',5,1,'2024-10-10 02:44:52','2024-10-10 02:44:52'),(459,8,'TALLER DE LECTURA Y REDACCIÓN I',5,1,'2024-10-10 02:44:52','2024-10-10 02:44:52'),(460,8,'PRÁCTICAS DE TRABAJO SOCIAL II',5,1,'2024-10-10 02:44:52','2024-10-10 02:44:52'),(461,8,'TRABAJO SOCIAL VI',6,1,'2024-10-10 02:44:52','2024-10-10 02:44:52'),(462,8,'TALLER DE ADMINISTRACIÓN DE PROYECTOS',6,1,'2024-10-10 02:44:52','2024-10-10 02:44:52'),(463,8,'DERECHO CIVIL FAMILIAR',6,1,'2024-10-10 02:44:52','2024-10-10 02:44:52'),(464,8,'EDUCACIÓN REPRODUCTIVA',6,1,'2024-10-10 02:44:52','2024-10-10 02:44:52'),(465,8,'TALLER DE LECTURA Y REDACCIÓN II',6,1,'2024-10-10 02:44:52','2024-10-10 02:44:52'),(466,8,'TALLER DE INVESTIGACIÓN SOCIAL I',6,1,'2024-10-10 02:44:52','2024-10-10 02:44:52'),(467,8,'PRÁCTICAS DE TRABAJO SOCIAL III',6,1,'2024-10-10 02:44:52','2024-10-10 02:44:52'),(468,8,'TRABAJO SOCIAL VII',7,1,'2024-10-10 02:44:52','2024-10-10 02:44:52'),(469,8,'DERECHO AGRARIO',7,1,'2024-10-10 02:44:52','2024-10-10 02:44:52'),(470,8,'PSICOPATÍA Y SALUD MENTAL',7,1,'2024-10-10 02:44:52','2024-10-10 02:44:52'),(471,8,'EDUCACIÓN NUTRICIONAL I',7,1,'2024-10-10 02:44:52','2024-10-10 02:44:52'),(472,8,'TALLER DE INVESTIGACIÓN SOCIAL II',7,1,'2024-10-10 02:44:52','2024-10-10 02:44:52'),(473,8,'TALLER DE GRUPOS OPERATIVOS',7,1,'2024-10-10 02:44:52','2024-10-10 02:44:52'),(474,8,'PRÁCTICAS DE TRABAJO SOCIAL IV',7,1,'2024-10-10 02:44:52','2024-10-10 02:44:52'),(475,8,'TRABAJO SOCIAL VIII',8,1,'2024-10-10 02:44:52','2024-10-10 02:44:52'),(476,8,'DEONTOLOGÍA DEL TRABAJO SOCIAL',8,1,'2024-10-10 02:44:52','2024-10-10 02:44:52'),(477,8,'DERECHO LABORAL',8,1,'2024-10-10 02:44:52','2024-10-10 02:44:52'),(478,8,'RELACIONES HUMANAS',8,1,'2024-10-10 02:44:52','2024-10-10 02:44:52'),(479,8,'EDUCACIÓN NUTRICIONAL II',8,1,'2024-10-10 02:44:52','2024-10-10 02:44:52'),(480,8,'COOPERATIVISMO',8,1,'2024-10-10 02:44:52','2024-10-10 02:44:52'),(481,8,'PRÁCTICAS DE TRABAJO SOCIAL V',8,1,'2024-10-10 02:44:52','2024-10-10 02:44:52');
/*!40000 ALTER TABLE `subjects` ENABLE KEYS */;
UNLOCK TABLES;

--
-- Table structure for table `users`
--

DROP TABLE IF EXISTS `users`;
/*!40101 SET @saved_cs_client     = @@character_set_client */;
/*!50503 SET character_set_client = utf8mb4 */;
CREATE TABLE `users` (
  `USER_ID` int NOT NULL AUTO_INCREMENT,
  `USER_EMAIL` varchar(255) NOT NULL,
  `USER_PASSWORD` varchar(255) NOT NULL,
  `USER_ROLE` varchar(50) NOT NULL DEFAULT 'admin',
  `USER_STATUS` tinyint NOT NULL DEFAULT '1',
  `USER_CREATION` timestamp NULL DEFAULT CURRENT_TIMESTAMP,
  `USER_LAST_UPDATE` timestamp NULL DEFAULT CURRENT_TIMESTAMP ON UPDATE CURRENT_TIMESTAMP,
  PRIMARY KEY (`USER_ID`),
  UNIQUE KEY `USER_EMAIL` (`USER_EMAIL`),
  CONSTRAINT `users_chk_1` CHECK ((`USER_ROLE` in (_utf8mb4'admin',_utf8mb4'superAdmin'))),
  CONSTRAINT `users_chk_2` CHECK ((`USER_STATUS` in (0,1)))
) ENGINE=InnoDB DEFAULT CHARSET=utf8mb4 COLLATE=utf8mb4_0900_ai_ci;
/*!40101 SET character_set_client = @saved_cs_client */;

--
-- Dumping data for table `users`
--

LOCK TABLES `users` WRITE;
/*!40000 ALTER TABLE `users` DISABLE KEYS */;
/*!40000 ALTER TABLE `users` ENABLE KEYS */;
UNLOCK TABLES;
/*!40103 SET TIME_ZONE=@OLD_TIME_ZONE */;

/*!40101 SET SQL_MODE=@OLD_SQL_MODE */;
/*!40014 SET FOREIGN_KEY_CHECKS=@OLD_FOREIGN_KEY_CHECKS */;
/*!40014 SET UNIQUE_CHECKS=@OLD_UNIQUE_CHECKS */;
/*!40101 SET CHARACTER_SET_CLIENT=@OLD_CHARACTER_SET_CLIENT */;
/*!40101 SET CHARACTER_SET_RESULTS=@OLD_CHARACTER_SET_RESULTS */;
/*!40101 SET COLLATION_CONNECTION=@OLD_COLLATION_CONNECTION */;
/*!40111 SET SQL_NOTES=@OLD_SQL_NOTES */;

-- Dump completed on 2025-06-04 21:29:01
