-- MySQL dump 10.13  Distrib 8.0.42, for Win64 (x86_64)
--
-- Host: localhost    Database: usc
-- ------------------------------------------------------
-- Server version	8.0.42

/*!40101 SET @OLD_CHARACTER_SET_CLIENT=@@CHARACTER_SET_CLIENT */;
/*!40101 SET @OLD_CHARACTER_SET_RESULTS=@@CHARACTER_SET_RESULTS */;
/*!40101 SET @OLD_COLLATION_CONNECTION=@@COLLATION_CONNECTION */;
/*!50503 SET NAMES utf8 */;
/*!40103 SET @OLD_TIME_ZONE=@@TIME_ZONE */;
/*!40103 SET TIME_ZONE='+00:00' */;
/*!40014 SET @OLD_UNIQUE_CHECKS=@@UNIQUE_CHECKS, UNIQUE_CHECKS=0 */;
/*!40014 SET @OLD_FOREIGN_KEY_CHECKS=@@FOREIGN_KEY_CHECKS, FOREIGN_KEY_CHECKS=0 */;
/*!40101 SET @OLD_SQL_MODE=@@SQL_MODE, SQL_MODE='NO_AUTO_VALUE_ON_ZERO' */;
/*!40111 SET @OLD_SQL_NOTES=@@SQL_NOTES, SQL_NOTES=0 */;

--
-- Table structure for table `careers`
--

DROP TABLE IF EXISTS `careers`;
/*!40101 SET @saved_cs_client     = @@character_set_client */;
/*!50503 SET character_set_client = utf8mb4 */;
CREATE TABLE `careers` (
  `CAREER_ID` int NOT NULL AUTO_INCREMENT,
  `CAREER_NAME` varchar(255) NOT NULL,
  `CAREER_STATUS` tinyint NOT NULL DEFAULT '1',
  `CAREER_CREATION` timestamp NULL DEFAULT CURRENT_TIMESTAMP,
  `CAREER_LAST_UPDATE` timestamp NULL DEFAULT CURRENT_TIMESTAMP ON UPDATE CURRENT_TIMESTAMP,
  PRIMARY KEY (`CAREER_ID`),
  UNIQUE KEY `CAREER_NAME` (`CAREER_NAME`),
  CONSTRAINT `careers_chk_1` CHECK ((`CAREER_STATUS` in (0,1)))
) ENGINE=InnoDB AUTO_INCREMENT=9 DEFAULT CHARSET=utf8mb4 COLLATE=utf8mb4_0900_ai_ci;
/*!40101 SET character_set_client = @saved_cs_client */;

--
-- Dumping data for table `careers`
--

LOCK TABLES `careers` WRITE;
/*!40000 ALTER TABLE `careers` DISABLE KEYS */;
INSERT INTO `careers` VALUES (1,'LICENCIATURA EN INGENIERÍA EN SISTEMAS COMPUTACIONALES',1,'2025-06-07 07:34:38','2025-06-07 07:34:38'),(2,'LICENCIATURA EN ADMINISTRACIÓN DE EMPRESAS',1,'2025-06-07 07:34:38','2025-06-07 07:34:38'),(3,'LICENCIATURA EN ARQUITECTURA',1,'2025-06-07 07:34:38','2025-06-07 07:34:38'),(4,'LICENCIATURA EN CONTADURIA PUBLICA',1,'2025-06-07 07:34:38','2025-06-07 07:34:38'),(5,'LICENCIATURA EN DERECHO',1,'2025-06-07 07:34:38','2025-06-07 07:34:38'),(6,'LICENCIATURA EN DISEÑO GRÁFICO',1,'2025-06-07 07:34:38','2025-06-07 07:34:38'),(7,'LICENCIATURA EN INFORMÁTICA ADMINISTRATIVA',1,'2025-06-07 07:34:38','2025-06-07 07:34:38'),(8,'LICENCIATURA EN TRABAJO SOCIAL',1,'2025-06-07 07:34:38','2025-06-07 07:34:38');
/*!40000 ALTER TABLE `careers` ENABLE KEYS */;
UNLOCK TABLES;

--
-- Table structure for table `certificate_fields`
--

DROP TABLE IF EXISTS `certificate_fields`;
/*!40101 SET @saved_cs_client     = @@character_set_client */;
/*!50503 SET character_set_client = utf8mb4 */;
CREATE TABLE `certificate_fields` (
  `FIELD_ID` int NOT NULL AUTO_INCREMENT,
  `FIELD_NAME` varchar(255) NOT NULL,
  `FIELD_VALUE` varchar(255) NOT NULL,
  PRIMARY KEY (`FIELD_ID`)
) ENGINE=InnoDB AUTO_INCREMENT=11 DEFAULT CHARSET=utf8mb4 COLLATE=utf8mb4_0900_ai_ci;
/*!40101 SET character_set_client = @saved_cs_client */;

--
-- Dumping data for table `certificate_fields`
--

LOCK TABLES `certificate_fields` WRITE;
/*!40000 ALTER TABLE `certificate_fields` DISABLE KEYS */;
INSERT INTO `certificate_fields` VALUES (1,'RÉGIMEN','PARTICULAR'),(2,'TURNO','MIXTO'),(3,'CLAVE','07PSU0063R'),(4,'MODALIDAD','MIXTA'),(5,'RVOE','PSU-159/2019'),(6,'VIGENCIA','2023-04-03'),(7,'SE-CL','SE-CL-24'),(8,'EXP','2025-06-04'),(9,'LEGAL_1','CON FUNDAMENTO EN EL ARTÍCULO 29, FRACCIÓN X, DE LA LEY ORGÁNICA DE LA ADMINISTRACIÓN PÚBLICA DEL ESTADO DE CHIAPAS, 27 FRACCIÓN XX DEL REGLAMENTO INTERIOR DE LA SECRETARIA GENERAL DE GOBIERNO:'),(10,'LEGAL_2','SE LEGALIZA, PREVIO COTEJO CON LA EXISTENTE EN EL CONTROL RESPECTIVO, LA FIRMA QUE ANTECEDE CORRESPONDE A LA DIRECTORA DE EDUCACIÓN SUPERIOR:');
/*!40000 ALTER TABLE `certificate_fields` ENABLE KEYS */;
UNLOCK TABLES;

--
-- Table structure for table `people`
--

DROP TABLE IF EXISTS `people`;
/*!40101 SET @saved_cs_client     = @@character_set_client */;
/*!50503 SET character_set_client = utf8mb4 */;
CREATE TABLE `people` (
  `PEOPLE_ID` int NOT NULL AUTO_INCREMENT,
  `PEOPLE_PREFIX` varchar(255) DEFAULT NULL,
  `PEOPLE_NAME` varchar(255) NOT NULL,
  `PEOPLE_CHARGE` varchar(255) NOT NULL,
  `PEOPLE_GENDER` tinyint NOT NULL,
  PRIMARY KEY (`PEOPLE_ID`),
  CONSTRAINT `people_chk_1` CHECK ((`PEOPLE_GENDER` in (0,1)))
) ENGINE=InnoDB AUTO_INCREMENT=8 DEFAULT CHARSET=utf8mb4 COLLATE=utf8mb4_0900_ai_ci;
/*!40101 SET character_set_client = @saved_cs_client */;

--
-- Dumping data for table `people`
--

LOCK TABLES `people` WRITE;
/*!40000 ALTER TABLE `people` DISABLE KEYS */;
INSERT INTO `people` VALUES (1,'LIC.','LISBETH SÁNCHEZ CÓRDOVA','RESPONSABLE DE SERVICIOS ESCOLARES DE LA UNIVERSIDAD',0),(2,'MTRO.','CARLOS BORROMEO GONZÁLEZ GONZÁLEZ','RECTOR DE LA UNIVERSIDAD',1),(3,'ING.','MARTHA MARLENE ESTRADA ESTRADA','JEFA DEL DEPARTAMENTO DE SERVICIOS ESCOLARES',0),(4,'MTRA.','XÓCHIL CLEMENTE PARRA','DIRECTORA DE EDUCACIÓN SUPERIOR',0),(5,'MTRO.','MANUEL CASTILLEJOS LÓPEZ','JEFE DE LA OFICINA',1),(6,'LIC.','JOSÉ FERNANDO MORENO LÓPEZ','COORDINADOR DE ASUNTOS JURIDICOS DE GOBIERNO',1),(7,'LIC.','SEGUNDO SALDAÑA VAZQUEZ','COTEJO',1);
/*!40000 ALTER TABLE `people` ENABLE KEYS */;
UNLOCK TABLES;

--
-- Table structure for table `scores`
--

DROP TABLE IF EXISTS `scores`;
/*!40101 SET @saved_cs_client     = @@character_set_client */;
/*!50503 SET character_set_client = utf8mb4 */;
CREATE TABLE `scores` (
  `SCORE_ID` int NOT NULL AUTO_INCREMENT,
  `STUDENT_ID` int NOT NULL,
  `SUBJECT_ID` int NOT NULL,
  `SCORE` int NOT NULL,
  `SCORE_OBSERVATION` varchar(255) DEFAULT NULL,
  `SCORE_STATUS` tinyint NOT NULL DEFAULT '1',
  `SCORE_CREATION` timestamp NULL DEFAULT CURRENT_TIMESTAMP,
  `SCORE_LAST_UPDATE` timestamp NULL DEFAULT CURRENT_TIMESTAMP ON UPDATE CURRENT_TIMESTAMP,
  PRIMARY KEY (`SCORE_ID`),
  KEY `STUDENT_ID` (`STUDENT_ID`),
  KEY `SUBJECT_ID` (`SUBJECT_ID`),
  CONSTRAINT `scores_ibfk_1` FOREIGN KEY (`STUDENT_ID`) REFERENCES `students` (`STUDENT_ID`) ON DELETE CASCADE ON UPDATE CASCADE,
  CONSTRAINT `scores_ibfk_2` FOREIGN KEY (`SUBJECT_ID`) REFERENCES `subjects` (`SUBJECT_ID`) ON DELETE CASCADE ON UPDATE CASCADE,
  CONSTRAINT `scores_chk_1` CHECK ((`SCORE` between 0 and 10)),
  CONSTRAINT `scores_chk_2` CHECK ((`SCORE_OBSERVATION` in (_utf8mb4'EX',_utf8mb4'TS',_utf8mb4'EQ',_utf8mb4'REC',_utf8mb4'ex',_utf8mb4'ts',_utf8mb4'eq',_utf8mb4'rec'))),
  CONSTRAINT `scores_chk_3` CHECK ((`SCORE_STATUS` in (0,1)))
) ENGINE=InnoDB DEFAULT CHARSET=utf8mb4 COLLATE=utf8mb4_0900_ai_ci;
/*!40101 SET character_set_client = @saved_cs_client */;

--
-- Dumping data for table `scores`
--

LOCK TABLES `scores` WRITE;
/*!40000 ALTER TABLE `scores` DISABLE KEYS */;
/*!40000 ALTER TABLE `scores` ENABLE KEYS */;
UNLOCK TABLES;

--
-- Table structure for table `students`
--

DROP TABLE IF EXISTS `students`;
/*!40101 SET @saved_cs_client     = @@character_set_client */;
/*!50503 SET character_set_client = utf8mb4 */;
CREATE TABLE `students` (
  `STUDENT_ID` int NOT NULL AUTO_INCREMENT,
  `STUDENT_TUITION` int NOT NULL,
  `STUDENT_NAME` varchar(255) NOT NULL,
  `STUDENT_PA_LAST_NAME` varchar(255) DEFAULT NULL,
  `STUDENT_MA_LAST_NAME` varchar(255) DEFAULT NULL,
  `STUDENT_STATUS` tinyint NOT NULL DEFAULT '1',
  `STUDENT_CREATION` timestamp NULL DEFAULT CURRENT_TIMESTAMP,
  `STUDENT_LAST_UPDATE` timestamp NULL DEFAULT CURRENT_TIMESTAMP ON UPDATE CURRENT_TIMESTAMP,
  PRIMARY KEY (`STUDENT_ID`),
  UNIQUE KEY `STUDENT_TUITION` (`STUDENT_TUITION`),
  CONSTRAINT `students_chk_1` CHECK ((`STUDENT_STATUS` in (0,1)))
) ENGINE=InnoDB DEFAULT CHARSET=utf8mb4 COLLATE=utf8mb4_0900_ai_ci;
/*!40101 SET character_set_client = @saved_cs_client */;

--
-- Dumping data for table `students`
--

LOCK TABLES `students` WRITE;
/*!40000 ALTER TABLE `students` DISABLE KEYS */;
/*!40000 ALTER TABLE `students` ENABLE KEYS */;
UNLOCK TABLES;

--
-- Table structure for table `students_careers`
--

DROP TABLE IF EXISTS `students_careers`;
/*!40101 SET @saved_cs_client     = @@character_set_client */;
/*!50503 SET character_set_client = utf8mb4 */;
CREATE TABLE `students_careers` (
  `ID` int NOT NULL AUTO_INCREMENT,
  `STUDENT_ID` int NOT NULL,
  `CAREER_ID` int NOT NULL,
  `START_DATE` date NOT NULL,
  `END_DATE` date NOT NULL,
  `RELATION_STATUS` tinyint NOT NULL DEFAULT '1',
  `CREATION` timestamp NULL DEFAULT CURRENT_TIMESTAMP,
  `LAST_UPDATE` timestamp NULL DEFAULT CURRENT_TIMESTAMP ON UPDATE CURRENT_TIMESTAMP,
  PRIMARY KEY (`ID`),
  KEY `STUDENT_ID` (`STUDENT_ID`),
  KEY `CAREER_ID` (`CAREER_ID`),
  CONSTRAINT `students_careers_ibfk_1` FOREIGN KEY (`STUDENT_ID`) REFERENCES `students` (`STUDENT_ID`) ON DELETE CASCADE ON UPDATE CASCADE,
  CONSTRAINT `students_careers_ibfk_2` FOREIGN KEY (`CAREER_ID`) REFERENCES `careers` (`CAREER_ID`) ON DELETE CASCADE ON UPDATE CASCADE,
  CONSTRAINT `students_careers_chk_1` CHECK ((`RELATION_STATUS` in (0,1)))
) ENGINE=InnoDB DEFAULT CHARSET=utf8mb4 COLLATE=utf8mb4_0900_ai_ci;
/*!40101 SET character_set_client = @saved_cs_client */;

--
-- Dumping data for table `students_careers`
--

LOCK TABLES `students_careers` WRITE;
/*!40000 ALTER TABLE `students_careers` DISABLE KEYS */;
/*!40000 ALTER TABLE `students_careers` ENABLE KEYS */;
UNLOCK TABLES;

--
-- Table structure for table `subjects`
--

DROP TABLE IF EXISTS `subjects`;
/*!40101 SET @saved_cs_client     = @@character_set_client */;
/*!50503 SET character_set_client = utf8mb4 */;
CREATE TABLE `subjects` (
  `SUBJECT_ID` int NOT NULL AUTO_INCREMENT,
  `CAREER_ID` int NOT NULL,
  `SUBJECT_NAME` varchar(255) NOT NULL,
  `SUBJECT_PERIOD` int NOT NULL,
  `SUBJECT_STATUS` tinyint NOT NULL DEFAULT '1',
  `SUBJECT_CREATION` timestamp NULL DEFAULT CURRENT_TIMESTAMP,
  `SUBJECT_LAST_UPDATE` timestamp NULL DEFAULT CURRENT_TIMESTAMP ON UPDATE CURRENT_TIMESTAMP,
  PRIMARY KEY (`SUBJECT_ID`),
  KEY `CAREER_ID` (`CAREER_ID`),
  CONSTRAINT `subjects_ibfk_1` FOREIGN KEY (`CAREER_ID`) REFERENCES `careers` (`CAREER_ID`) ON DELETE CASCADE ON UPDATE CASCADE,
  CONSTRAINT `subjects_chk_1` CHECK ((`SUBJECT_PERIOD` between 1 and 9)),
  CONSTRAINT `subjects_chk_2` CHECK ((`SUBJECT_STATUS` in (0,1)))
) ENGINE=InnoDB AUTO_INCREMENT=434 DEFAULT CHARSET=utf8mb4 COLLATE=utf8mb4_0900_ai_ci;
/*!40101 SET character_set_client = @saved_cs_client */;

--
-- Dumping data for table `subjects`
--

LOCK TABLES `subjects` WRITE;
/*!40000 ALTER TABLE `subjects` DISABLE KEYS */;
INSERT INTO `subjects` VALUES (1,1,'INTRODUCCION A LA INGENIERIA EN SISTEMAS COMPUTACIONALES',1,1,'2025-06-07 07:35:47','2025-06-07 07:35:47'),(2,1,'CONTABILIDAD',1,1,'2025-06-07 07:35:47','2025-06-07 07:35:47'),(3,1,'FUNDAMENTOS DE INVESTIGACION',1,1,'2025-06-07 07:35:47','2025-06-07 07:35:47'),(4,1,'ALGORITMOS COMPUTACIONALES',1,1,'2025-06-07 07:35:47','2025-06-07 07:35:47'),(5,1,'FISICA',1,1,'2025-06-07 07:35:47','2025-06-07 07:35:47'),(6,1,'MATEMATICAS I',1,1,'2025-06-07 07:35:47','2025-06-07 07:35:47'),(7,1,'INGENIERIA ECONOMICA',2,1,'2025-06-07 07:35:47','2025-06-07 07:35:47'),(8,1,'PROBABILIDAD Y ESTADISTICA',2,1,'2025-06-07 07:35:47','2025-06-07 07:35:47'),(9,1,'PROGRAMACION I',2,1,'2025-06-07 07:35:47','2025-06-07 07:35:47'),(10,1,'MATEMATICAS DISCRETAS',2,1,'2025-06-07 07:35:47','2025-06-07 07:35:47'),(11,1,'ELECTRICIDAD Y MAGNETISMO',2,1,'2025-06-07 07:35:47','2025-06-07 07:35:47'),(12,1,'MATEMATICAS II',2,1,'2025-06-07 07:35:47','2025-06-07 07:35:47'),(13,1,'ESTRUCTURAS DE DATOS',2,1,'2025-06-07 07:35:47','2025-06-07 07:35:47'),(14,1,'LENGUAJE ENSAMBLADOR',3,1,'2025-06-07 07:35:47','2025-06-07 07:35:47'),(15,1,'ESTADISTICA APLICADA',3,1,'2025-06-07 07:35:47','2025-06-07 07:35:47'),(16,1,'PROGRAMACION II',3,1,'2025-06-07 07:35:47','2025-06-07 07:35:47'),(17,1,'ADMINISTRACION DE ARCHIVOS',3,1,'2025-06-07 07:35:47','2025-06-07 07:35:47'),(18,1,'CIRCUITOS ELECTRICOS Y ELECTRONICOS',3,1,'2025-06-07 07:35:47','2025-06-07 07:35:47'),(19,1,'MATEMATICAS III',3,1,'2025-06-07 07:35:47','2025-06-07 07:35:47'),(20,1,'ARQUITECTURA DE COMPUTADORAS I',3,1,'2025-06-07 07:35:47','2025-06-07 07:35:47'),(21,1,'INVESTIGACION DE OPERACIONES I',4,1,'2025-06-07 07:35:47','2025-06-07 07:35:47'),(22,1,'TEORIA DE LA COMPUTACION',4,1,'2025-06-07 07:35:47','2025-06-07 07:35:47'),(23,1,'PROGRAMACION III',4,1,'2025-06-07 07:35:47','2025-06-07 07:35:47'),(24,1,'PROGRAMACION DE INTERFACES',4,1,'2025-06-07 07:35:47','2025-06-07 07:35:47'),(25,1,'PARADIGMAS Y LENGUAS DE PROGRAMA',4,1,'2025-06-07 07:35:47','2025-06-07 07:35:47'),(26,1,'MATEMATICAS IV',4,1,'2025-06-07 07:35:47','2025-06-07 07:35:47'),(27,1,'ARQUITECTURA DE COMPUTADORAS II',4,1,'2025-06-07 07:35:47','2025-06-07 07:35:47'),(28,1,'INVESTIGACION DE OPERACIONES II',5,1,'2025-06-07 07:35:47','2025-06-07 07:35:47'),(29,1,'BASE DE DATOS I',5,1,'2025-06-07 07:35:47','2025-06-07 07:35:47'),(30,1,'PROGRAMACION DE SISTEMAS',5,1,'2025-06-07 07:35:47','2025-06-07 07:35:47'),(31,1,'TEORIA DE SISTEMAS OPERATIVOS',5,1,'2025-06-07 07:35:47','2025-06-07 07:35:47'),(32,1,'TELEMATICA',5,1,'2025-06-07 07:35:47','2025-06-07 07:35:47'),(33,1,'MATEMATICAS V',5,1,'2025-06-07 07:35:47','2025-06-07 07:35:47'),(34,1,'COMPILADORES',5,1,'2025-06-07 07:35:47','2025-06-07 07:35:47'),(35,1,'SIMULACION',6,1,'2025-06-07 07:35:47','2025-06-07 07:35:47'),(36,1,'BASE DE DATOS II',6,1,'2025-06-07 07:35:47','2025-06-07 07:35:47'),(37,1,'ADMON. DE PROYECTOS INFORMATICOS',6,1,'2025-06-07 07:35:47','2025-06-07 07:35:47'),(38,1,'SISTEMAS OPERATIVOS MODERNOS',6,1,'2025-06-07 07:35:47','2025-06-07 07:35:47'),(39,1,'REDES I',6,1,'2025-06-07 07:35:47','2025-06-07 07:35:47'),(40,1,'MATEMATICAS VI',6,1,'2025-06-07 07:35:47','2025-06-07 07:35:47'),(41,1,'ANALISIS Y DISEÑO DE SISTEMAS I',6,1,'2025-06-07 07:35:47','2025-06-07 07:35:47'),(42,1,'INTELIGENCIA ARTIFICIAL',7,1,'2025-06-07 07:35:47','2025-06-07 07:35:47'),(43,1,'AUDITORIA INFORMATICA',7,1,'2025-06-07 07:35:47','2025-06-07 07:35:47'),(44,1,'ADMON. DE CENTROS DE COMPUTO',7,1,'2025-06-07 07:35:47','2025-06-07 07:35:47'),(45,1,'SEMINARIO I',7,1,'2025-06-07 07:35:47','2025-06-07 07:35:47'),(46,1,'REDES II',7,1,'2025-06-07 07:35:47','2025-06-07 07:35:47'),(47,1,'ANALISIS Y DISEÑO DE SISTEMAS II',7,1,'2025-06-07 07:35:47','2025-06-07 07:35:47'),(48,1,'REDES NEURALES',8,1,'2025-06-07 07:35:47','2025-06-07 07:35:47'),(49,1,'BASE DE DATOS DISTRIBUIDAS',8,1,'2025-06-07 07:35:47','2025-06-07 07:35:47'),(50,1,'PROGRAMACION DE PAJINAS WEB',8,1,'2025-06-07 07:35:47','2025-06-07 07:35:47'),(51,1,'SEMINARIO II',8,1,'2025-06-07 07:35:47','2025-06-07 07:35:47'),(52,1,'LOGICA DIFUSA',8,1,'2025-06-07 07:35:47','2025-06-07 07:35:47'),(53,1,'INGENIERIA DE SOFTWARE',8,1,'2025-06-07 07:35:47','2025-06-07 07:35:47'),(54,2,'CONTABILIDAD I',1,1,'2025-06-07 07:36:42','2025-06-07 07:36:42'),(55,2,'ADMINISTRACION I',1,1,'2025-06-07 07:36:42','2025-06-07 07:36:42'),(56,2,'INFORMATICA BASICA I',1,1,'2025-06-07 07:36:42','2025-06-07 07:36:42'),(57,2,'MATEMATICAS BASICAS',1,1,'2025-06-07 07:36:42','2025-06-07 07:36:42'),(58,2,'NOCIONES DE DERECHO',1,1,'2025-06-07 07:36:42','2025-06-07 07:36:42'),(59,2,'SOCIOLOGIA DE LA ORGANIZACIÓN',1,1,'2025-06-07 07:36:42','2025-06-07 07:36:42'),(60,2,'METODOLOGIA DE LA INVESTIGACION',1,1,'2025-06-07 07:36:42','2025-06-07 07:36:42'),(61,2,'CONTABILIDAD II',2,1,'2025-06-07 07:36:42','2025-06-07 07:36:42'),(62,2,'ADMINISTRACION II',2,1,'2025-06-07 07:36:42','2025-06-07 07:36:42'),(63,2,'INFORMATICA BASICA II',2,1,'2025-06-07 07:36:42','2025-06-07 07:36:42'),(64,2,'MATEMATICAS FINANCIERAS',2,1,'2025-06-07 07:36:42','2025-06-07 07:36:42'),(65,2,'DERECHO MERCANTIL',2,1,'2025-06-07 07:36:42','2025-06-07 07:36:42'),(66,2,'MACROECONOMIA',2,1,'2025-06-07 07:36:42','2025-06-07 07:36:42'),(67,2,'DESARROLLO DE LIDERES EMPRENDEDORES',2,1,'2025-06-07 07:36:42','2025-06-07 07:36:42'),(68,2,'CONTABILIDAD III',3,1,'2025-06-07 07:36:42','2025-06-07 07:36:42'),(69,2,'ADMINISTRACION III',3,1,'2025-06-07 07:36:42','2025-06-07 07:36:42'),(70,2,'INFORMATICA BASICA III',3,1,'2025-06-07 07:36:42','2025-06-07 07:36:42'),(71,2,'ESTADISTICA I',3,1,'2025-06-07 07:36:42','2025-06-07 07:36:42'),(72,2,'DERECHO DEL TRABAJO',3,1,'2025-06-07 07:36:42','2025-06-07 07:36:42'),(73,2,'MICROECONOMIA',3,1,'2025-06-07 07:36:42','2025-06-07 07:36:42'),(74,2,'INTRODUCCION AL TURISMO',3,1,'2025-06-07 07:36:42','2025-06-07 07:36:42'),(75,2,'CONTABILIDAD IV',4,1,'2025-06-07 07:36:42','2025-06-07 07:36:42'),(76,2,'ADMINISTRACION DE RECURSOS HUMANOS',4,1,'2025-06-07 07:36:42','2025-06-07 07:36:42'),(77,2,'COSTOS',4,1,'2025-06-07 07:36:42','2025-06-07 07:36:42'),(78,2,'ESTADISTICA II',4,1,'2025-06-07 07:36:42','2025-06-07 07:36:42'),(79,2,'ETICA DE LOS NEGOCIOS',4,1,'2025-06-07 07:36:42','2025-06-07 07:36:42'),(80,2,'MERCADOTECNIA',4,1,'2025-06-07 07:36:42','2025-06-07 07:36:42'),(81,2,'PRESUPUESTOS',4,1,'2025-06-07 07:36:42','2025-06-07 07:36:42'),(82,2,'PERSONAL I',5,1,'2025-06-07 07:36:42','2025-06-07 07:36:42'),(83,2,'DESARROLLO DEL CAPITAL HUMANO',5,1,'2025-06-07 07:36:42','2025-06-07 07:36:42'),(84,2,'FINANZAS I',5,1,'2025-06-07 07:36:42','2025-06-07 07:36:42'),(85,2,'INVESTIGACION DE OPERACIONES',5,1,'2025-06-07 07:36:42','2025-06-07 07:36:42'),(86,2,'ADMINISTRACION DEL SECTOR PUBLICO',5,1,'2025-06-07 07:36:42','2025-06-07 07:36:42'),(87,2,'MERCADOTECNIA II',5,1,'2025-06-07 07:36:42','2025-06-07 07:36:42'),(88,2,'PERSONAL II',6,1,'2025-06-07 07:36:42','2025-06-07 07:36:42'),(89,2,'ADQUISICION Y ABASTECIMIENTO',6,1,'2025-06-07 07:36:42','2025-06-07 07:36:42'),(90,2,'FINANZAS II',6,1,'2025-06-07 07:36:42','2025-06-07 07:36:42'),(91,2,'OPERACIONES I',6,1,'2025-06-07 07:36:42','2025-06-07 07:36:42'),(92,2,'PROCEDIMENTOS FISCALES BASICOS',6,1,'2025-06-07 07:36:42','2025-06-07 07:36:42'),(93,2,'MERCADOTECNIA III',6,1,'2025-06-07 07:36:42','2025-06-07 07:36:42'),(94,2,'ADMON. DE MICRO Y PEQUEÑAS EMPRESAS',6,1,'2025-06-07 07:36:42','2025-06-07 07:36:42'),(95,2,'PERSONAL III',7,1,'2025-06-07 07:36:42','2025-06-07 07:36:42'),(96,2,'DESARROLLO ORGANIZACIONAL',7,1,'2025-06-07 07:36:42','2025-06-07 07:36:42'),(97,2,'FINANZAS III',7,1,'2025-06-07 07:36:42','2025-06-07 07:36:42'),(98,2,'OPERACIONES II',7,1,'2025-06-07 07:36:42','2025-06-07 07:36:42'),(99,2,'SEGURO SOCIAL, INFONAVIT, SAR',7,1,'2025-06-07 07:36:42','2025-06-07 07:36:42'),(100,2,'ADMINISTRACION DE VENTAS',7,1,'2025-06-07 07:36:42','2025-06-07 07:36:42'),(101,2,'CREACION DE EMPRESAS',7,1,'2025-06-07 07:36:42','2025-06-07 07:36:42'),(102,2,'PSICOLOGIA DEL TRABAJO',8,1,'2025-06-07 07:36:42','2025-06-07 07:36:42'),(103,2,'AUDITORIA ADMINISTRATIVA',8,1,'2025-06-07 07:36:42','2025-06-07 07:36:42'),(104,2,'ADMINISTRACION PARA LA CALIDAD TOTAL',8,1,'2025-06-07 07:36:42','2025-06-07 07:36:42'),(105,2,'INNOVACIONES TECNICAS DE LA ADMINISTRACION',8,1,'2025-06-07 07:36:42','2025-06-07 07:36:42'),(106,2,'PLANEACION ESTRATEGICA',8,1,'2025-06-07 07:36:42','2025-06-07 07:36:42'),(107,3,'DISEÑO',1,1,'2025-06-07 07:36:48','2025-06-07 07:36:48'),(108,3,'ALGEBRA SUPERIOR I',1,1,'2025-06-07 07:36:48','2025-06-07 07:36:48'),(109,3,'METODOLOGIA Y ARQUITECTURA',1,1,'2025-06-07 07:36:48','2025-06-07 07:36:48'),(110,3,'TEORIA DE LA ARQUITECTURA I',1,1,'2025-06-07 07:36:48','2025-06-07 07:36:48'),(111,3,'TALLER DE PRSENTACION GRAFICA',1,1,'2025-06-07 07:36:48','2025-06-07 07:36:48'),(112,3,'HISTORIA DE LA ARQUITECTURA I',1,1,'2025-06-07 07:36:48','2025-06-07 07:36:48'),(113,3,'GEOMATRIA DESCRIPTIVA',1,1,'2025-06-07 07:36:48','2025-06-07 07:36:48'),(114,3,'DISEÑO II',2,1,'2025-06-07 07:36:48','2025-06-07 07:36:48'),(115,3,'ALGEBRA SUPERIOR II',2,1,'2025-06-07 07:36:48','2025-06-07 07:36:48'),(116,3,'ESTATICA',2,1,'2025-06-07 07:36:48','2025-06-07 07:36:48'),(117,3,'TEORIA DE LA ARQUITECTURA II',2,1,'2025-06-07 07:36:48','2025-06-07 07:36:48'),(118,3,'TOPOGRAFIA',2,1,'2025-06-07 07:36:48','2025-06-07 07:36:48'),(119,3,'HISTORIA DE LA ARQUITECTURA II',2,1,'2025-06-07 07:36:48','2025-06-07 07:36:48'),(120,3,'PERSPECTIVA',2,1,'2025-06-07 07:36:48','2025-06-07 07:36:48'),(121,3,'DISEÑO III',3,1,'2025-06-07 07:36:48','2025-06-07 07:36:48'),(122,3,'ALGEBRA SUPERIOR III',3,1,'2025-06-07 07:36:48','2025-06-07 07:36:48'),(123,3,'RESISTENCIA DE MATERIALES',3,1,'2025-06-07 07:36:48','2025-06-07 07:36:48'),(124,3,'RESTAURACION DE MONUMENTOS HISTORICOS I',3,1,'2025-06-07 07:36:48','2025-06-07 07:36:48'),(125,3,'MATERIALES Y PROCESOS DE CONSTRUCCION I',3,1,'2025-06-07 07:36:48','2025-06-07 07:36:48'),(126,3,'HISTORIA DE LA ARQUITECTURA III',3,1,'2025-06-07 07:36:48','2025-06-07 07:36:48'),(127,3,'PERSPECTIVA',3,1,'2025-06-07 07:36:48','2025-06-07 07:36:48'),(128,3,'DISEÑO IV',4,1,'2025-06-07 07:36:48','2025-06-07 07:36:48'),(129,3,'INSTALACIONES DE EDIFICIOS I',4,1,'2025-06-07 07:36:48','2025-06-07 07:36:48'),(130,3,'RESISTENCIA DE MATERIALES II',4,1,'2025-06-07 07:36:48','2025-06-07 07:36:48'),(131,3,'RESTAURACION DE MONUMENTOS HISTORICOS II',4,1,'2025-06-07 07:36:48','2025-06-07 07:36:48'),(132,3,'MATERIALES Y PROCESOS DE CONSTRUCCION II',4,1,'2025-06-07 07:36:48','2025-06-07 07:36:48'),(133,3,'HISTORIA DE LA ARQUITECTURA IV',4,1,'2025-06-07 07:36:48','2025-06-07 07:36:48'),(134,3,'CONFORT AMBIENTAL',4,1,'2025-06-07 07:36:48','2025-06-07 07:36:48'),(135,3,'DISEÑO V',5,1,'2025-06-07 07:36:48','2025-06-07 07:36:48'),(136,3,'INSTALACIONES DE EDIFICIOS II',5,1,'2025-06-07 07:36:48','2025-06-07 07:36:48'),(137,3,'CONCRETO I',5,1,'2025-06-07 07:36:48','2025-06-07 07:36:48'),(138,3,'RESTAURACION DE MONUMENTOS HISTORICOS III',5,1,'2025-06-07 07:36:48','2025-06-07 07:36:48'),(139,3,'MATERIALES Y PROCESOS DE CONSTRUCCION III',5,1,'2025-06-07 07:36:48','2025-06-07 07:36:48'),(140,3,'HISTORIA DE LA ARQUITECTURA V',5,1,'2025-06-07 07:36:48','2025-06-07 07:36:48'),(141,3,'ADMINISTRACION DE OBRA',5,1,'2025-06-07 07:36:48','2025-06-07 07:36:48'),(142,3,'DISEÑO VI',6,1,'2025-06-07 07:36:48','2025-06-07 07:36:48'),(143,3,'URBANISMO I',6,1,'2025-06-07 07:36:48','2025-06-07 07:36:48'),(144,3,'CONCRETO II',6,1,'2025-06-07 07:36:48','2025-06-07 07:36:48'),(145,3,'ESTRUCTURAS I',6,1,'2025-06-07 07:36:48','2025-06-07 07:36:48'),(146,3,'TALLER DE CONSTRUCION I',6,1,'2025-06-07 07:36:48','2025-06-07 07:36:48'),(147,3,'HISTORIA DE LA ARQUITECTURA VI',6,1,'2025-06-07 07:36:48','2025-06-07 07:36:48'),(148,3,'INTRODUCCION A LOS SISTEMAS DE COMPUTO',6,1,'2025-06-07 07:36:48','2025-06-07 07:36:48'),(149,3,'DISEÑO VII',7,1,'2025-06-07 07:36:48','2025-06-07 07:36:48'),(150,3,'URBANISMO II',7,1,'2025-06-07 07:36:48','2025-06-07 07:36:48'),(151,3,'PSICOLOGIA AMBIENTAL',7,1,'2025-06-07 07:36:48','2025-06-07 07:36:48'),(152,3,'ESTRUCTURAS II',7,1,'2025-06-07 07:36:48','2025-06-07 07:36:48'),(153,3,'TALLER DE CONSTRUCCION II',7,1,'2025-06-07 07:36:48','2025-06-07 07:36:48'),(154,3,'ANALISIS CRITICO DE LA ARQUITECTURA',7,1,'2025-06-07 07:36:48','2025-06-07 07:36:48'),(155,3,'DISEÑO ASISTIDO POR COMPUTADORA I',7,1,'2025-06-07 07:36:48','2025-06-07 07:36:48'),(156,3,'DISEÑO VIII',8,1,'2025-06-07 07:36:48','2025-06-07 07:36:48'),(157,3,'ARQUITECTURA DEL PAISAJE',8,1,'2025-06-07 07:36:48','2025-06-07 07:36:48'),(158,3,'TALLER INTEGRAL',8,1,'2025-06-07 07:36:48','2025-06-07 07:36:48'),(159,3,'ESTRUCTURAS III',8,1,'2025-06-07 07:36:48','2025-06-07 07:36:48'),(160,3,'TALLER DE CONSTRUCCION III',8,1,'2025-06-07 07:36:48','2025-06-07 07:36:48'),(161,3,'REGEN. URBANO AMB Y DE IMAG URBANO',8,1,'2025-06-07 07:36:48','2025-06-07 07:36:48'),(162,3,'DISEÑO ASISTIDO POR COMPUTADORA II',8,1,'2025-06-07 07:36:48','2025-06-07 07:36:48'),(163,4,'CONTABILIDAD I',1,1,'2025-06-07 07:36:55','2025-06-07 07:36:55'),(164,4,'ADMINISTRACION BASICA',1,1,'2025-06-07 07:36:55','2025-06-07 07:36:55'),(165,4,'CONCEPTOS JURIDICOS FUNDAMENTALES',1,1,'2025-06-07 07:36:55','2025-06-07 07:36:55'),(166,4,'INFORMATICA BASICA',1,1,'2025-06-07 07:36:55','2025-06-07 07:36:55'),(167,4,'MACROECONOMIA',1,1,'2025-06-07 07:36:55','2025-06-07 07:36:55'),(168,4,'MATEMATICAS FINANCIERAS',1,1,'2025-06-07 07:36:55','2025-06-07 07:36:55'),(169,4,'CONTABILIDAD II',2,1,'2025-06-07 07:36:55','2025-06-07 07:36:55'),(170,4,'RECURSOS HUMANOS',2,1,'2025-06-07 07:36:55','2025-06-07 07:36:55'),(171,4,'DERECHO MERCANTIL',2,1,'2025-06-07 07:36:55','2025-06-07 07:36:55'),(172,4,'PRINCIPIOS Y TECNICAS DE LA INVESTIG.',2,1,'2025-06-07 07:36:55','2025-06-07 07:36:55'),(173,4,'MICROECONOMIA',2,1,'2025-06-07 07:36:55','2025-06-07 07:36:55'),(174,4,'ESTADISTICA I',2,1,'2025-06-07 07:36:55','2025-06-07 07:36:55'),(175,4,'CONTABILIDAD III',3,1,'2025-06-07 07:36:55','2025-06-07 07:36:55'),(176,4,'OPERACIONES',3,1,'2025-06-07 07:36:55','2025-06-07 07:36:55'),(177,4,'DERECHO LABORAL',3,1,'2025-06-07 07:36:55','2025-06-07 07:36:55'),(178,4,'COSTOS I',3,1,'2025-06-07 07:36:55','2025-06-07 07:36:55'),(179,4,'FINANZAS I',3,1,'2025-06-07 07:36:55','2025-06-07 07:36:55'),(180,4,'ESTADISTICA II',3,1,'2025-06-07 07:36:55','2025-06-07 07:36:55'),(181,4,'CONTABILIDAD IV',4,1,'2025-06-07 07:36:55','2025-06-07 07:36:55'),(182,4,'DERECHO FISCAL',4,1,'2025-06-07 07:36:55','2025-06-07 07:36:55'),(183,4,'DEFENSA FISCAL Y PROCEDIMIENTOS ADMINISTRATIVOS',4,1,'2025-06-07 07:36:55','2025-06-07 07:36:55'),(184,4,'COSTOS II',4,1,'2025-06-07 07:36:55','2025-06-07 07:36:55'),(185,4,'FINANZAS II',4,1,'2025-06-07 07:36:55','2025-06-07 07:36:55'),(186,4,'ORDENAMIENTOS FISCALES',4,1,'2025-06-07 07:36:55','2025-06-07 07:36:55'),(187,4,'CONTROL DE GESTION',4,1,'2025-06-07 07:36:55','2025-06-07 07:36:55'),(188,4,'CONTABILIDAD INTERMEDIA',5,1,'2025-06-07 07:36:55','2025-06-07 07:36:55'),(189,4,'AUDITORIA I',5,1,'2025-06-07 07:36:55','2025-06-07 07:36:55'),(190,4,'PRESUPUESTOS',5,1,'2025-06-07 07:36:55','2025-06-07 07:36:55'),(191,4,'ORGANIZACIÓN CONTABLE',5,1,'2025-06-07 07:36:55','2025-06-07 07:36:55'),(192,4,'FINANZAS III',5,1,'2025-06-07 07:36:55','2025-06-07 07:36:55'),(193,4,'REGIMEN GENERAL DE EMPRESAS ISR',5,1,'2025-06-07 07:36:55','2025-06-07 07:36:55'),(194,4,'SISTEMA DE CONTROL INTERNO',5,1,'2025-06-07 07:36:55','2025-06-07 07:36:55'),(195,4,'PRINCIPIOS DE CONTABILIDAD EN EL SISTEMA FINANCIERO',6,1,'2025-06-07 07:36:55','2025-06-07 07:36:55'),(196,4,'AUDITORIA II',6,1,'2025-06-07 07:36:55','2025-06-07 07:36:55'),(197,4,'AUDITORIA INTERNA',6,1,'2025-06-07 07:36:55','2025-06-07 07:36:55'),(198,4,'CONTRIBUCIONES INDIRECTAS AL COMERCIO EXTERIOR',6,1,'2025-06-07 07:36:55','2025-06-07 07:36:55'),(199,4,'CASOS DE FINANZAS',6,1,'2025-06-07 07:36:55','2025-06-07 07:36:55'),(200,4,'PERSONAS FISICAS CON ACTIVIDAD EMPRESARIAL',6,1,'2025-06-07 07:36:55','2025-06-07 07:36:55'),(201,4,'SEGURIDAD SOCIAL',6,1,'2025-06-07 07:36:55','2025-06-07 07:36:55'),(202,4,'CONSOLIDACION DE ESTADOS FINANCIEROS',7,1,'2025-06-07 07:36:55','2025-06-07 07:36:55'),(203,4,'AUDITORIA III',7,1,'2025-06-07 07:36:55','2025-06-07 07:36:55'),(204,4,'CONTRALORIA',7,1,'2025-06-07 07:36:55','2025-06-07 07:36:55'),(205,4,'COSTOS PARA LA TOMA DE DECISIONES',7,1,'2025-06-07 07:36:55','2025-06-07 07:36:55'),(206,4,'INFORMATICA FISCAL',7,1,'2025-06-07 07:36:55','2025-06-07 07:36:55'),(207,4,'PERSONAS FISICAS ACTIVIDADES NO EMPRESARIAS',7,1,'2025-06-07 07:36:55','2025-06-07 07:36:55'),(208,4,'PRACTICAS DE CONTABILIDAD',8,1,'2025-06-07 07:36:55','2025-06-07 07:36:55'),(209,4,'TALLER DE AUDITORIA Y DICTAMENES FISCALES',8,1,'2025-06-07 07:36:55','2025-06-07 07:36:55'),(210,4,'REFORMAS FISCALES RECIENTES',8,1,'2025-06-07 07:36:55','2025-06-07 07:36:55'),(211,4,'ETICA EN LAS ORGANIZACIONES',8,1,'2025-06-07 07:36:55','2025-06-07 07:36:55'),(212,4,'PERSONAS MORALES CON FINES NO LUCRATIVOS',8,1,'2025-06-07 07:36:55','2025-06-07 07:36:55'),(213,4,'REGIMEN SIMPLIFICADO ISR',8,1,'2025-06-07 07:36:55','2025-06-07 07:36:55'),(214,4,'SEMINARIO DE JUEGO DE NEGOCIOS',8,1,'2025-06-07 07:36:55','2025-06-07 07:36:55'),(215,5,'INTRODUCCION AL ESTUDIO DEL DERECHO',1,1,'2025-06-07 07:37:01','2025-06-07 07:37:01'),(216,5,'DERECHO MERCANTIL',1,1,'2025-06-07 07:37:01','2025-06-07 07:37:01'),(217,5,'DERECHO PENAL',1,1,'2025-06-07 07:37:01','2025-06-07 07:37:01'),(218,5,'ACTO JURIDICO Y PERSONAS',1,1,'2025-06-07 07:37:01','2025-06-07 07:37:01'),(219,5,'HISTORIA DEL DERECHO MEXICANO',1,1,'2025-06-07 07:37:01','2025-06-07 07:37:01'),(220,5,'DERECHO ROMANO I',1,1,'2025-06-07 07:37:01','2025-06-07 07:37:01'),(221,5,'METODOLOGIA DE LA INVESTIGACION JURIDICA',1,1,'2025-06-07 07:37:01','2025-06-07 07:37:01'),(222,5,'ETICA JURIDICA',2,1,'2025-06-07 07:37:01','2025-06-07 07:37:01'),(223,5,'SOCIEDADES MERCANTILES',2,1,'2025-06-07 07:37:01','2025-06-07 07:37:01'),(224,5,'TEORIA DEL DELITO',2,1,'2025-06-07 07:37:01','2025-06-07 07:37:01'),(225,5,'BIENES Y DERECHOS REALES',2,1,'2025-06-07 07:37:01','2025-06-07 07:37:01'),(226,5,'DERECHO CONSTITUCIONAL',2,1,'2025-06-07 07:37:01','2025-06-07 07:37:01'),(227,5,'DERECHO ROMANO II',2,1,'2025-06-07 07:37:01','2025-06-07 07:37:01'),(228,5,'DERECHO ELECTORAL',2,1,'2025-06-07 07:37:01','2025-06-07 07:37:01'),(229,5,'DERECHO ADMINISTRATIVO I',3,1,'2025-06-07 07:37:01','2025-06-07 07:37:01'),(230,5,'TITULOS DE CREDITO',3,1,'2025-06-07 07:37:01','2025-06-07 07:37:01'),(231,5,'DELITOS EN PARTICULAR Y ESPECIALES',3,1,'2025-06-07 07:37:01','2025-06-07 07:37:01'),(232,5,'OBLIGACIONES',3,1,'2025-06-07 07:37:01','2025-06-07 07:37:01'),(233,5,'DERECHOS HUMANOS Y SUS GARANTIAS',3,1,'2025-06-07 07:37:01','2025-06-07 07:37:01'),(234,5,'DERECHO INDIVIDUAL DEL TRABAJO',3,1,'2025-06-07 07:37:01','2025-06-07 07:37:01'),(235,5,'TALLER DE REDACCION JURIDICA',3,1,'2025-06-07 07:37:01','2025-06-07 07:37:01'),(236,5,'DERECHO ADMINISTRATIVO II',4,1,'2025-06-07 07:37:01','2025-06-07 07:37:01'),(237,5,'OPERACIONES DE CREDITO',4,1,'2025-06-07 07:37:01','2025-06-07 07:37:01'),(238,5,'DERECHO PROCESAL PENAL',4,1,'2025-06-07 07:37:01','2025-06-07 07:37:01'),(239,5,'CONTRATOS CIVILES',4,1,'2025-06-07 07:37:01','2025-06-07 07:37:01'),(240,5,'AMPARO I',4,1,'2025-06-07 07:37:01','2025-06-07 07:37:01'),(241,5,'DERECHO COLECTIVO DEL TRABAJO',4,1,'2025-06-07 07:37:01','2025-06-07 07:37:01'),(242,5,'ARGUMENTACION JURIDICA',4,1,'2025-06-07 07:37:01','2025-06-07 07:37:01'),(243,5,'DERECHO PROCESAL ADMINISTRATIVO',5,1,'2025-06-07 07:37:01','2025-06-07 07:37:01'),(244,5,'CONTRATOS MERCANTILES',5,1,'2025-06-07 07:37:01','2025-06-07 07:37:01'),(245,5,'ETAPA PRELIMINAR',5,1,'2025-06-07 07:37:01','2025-06-07 07:37:01'),(246,5,'DERECHO FAMILIAR',5,1,'2025-06-07 07:37:01','2025-06-07 07:37:01'),(247,5,'AMPARO II',5,1,'2025-06-07 07:37:01','2025-06-07 07:37:01'),(248,5,'DERECHO A LA SEGURIDAD SOCIAL',5,1,'2025-06-07 07:37:01','2025-06-07 07:37:01'),(249,5,'DERECHO INTERNACIONAL PUBLICO',5,1,'2025-06-07 07:37:01','2025-06-07 07:37:01'),(250,5,'DERECHO NOTARIAL Y REGISTRAL',6,1,'2025-06-07 07:37:01','2025-06-07 07:37:01'),(251,5,'JUICIO EJECUTIVO MERCANTIL',6,1,'2025-06-07 07:37:01','2025-06-07 07:37:01'),(252,5,'ETAPA INTERMEDIA',6,1,'2025-06-07 07:37:01','2025-06-07 07:37:01'),(253,5,'DERECHO SUCESORIO',6,1,'2025-06-07 07:37:01','2025-06-07 07:37:01'),(254,5,'FISCAL I',6,1,'2025-06-07 07:37:01','2025-06-07 07:37:01'),(255,5,'DERECHO PROCESAL DEL TRABAJO',6,1,'2025-06-07 07:37:01','2025-06-07 07:37:01'),(256,5,'DERECHO INTERNACIONAL PRIVADO',6,1,'2025-06-07 07:37:01','2025-06-07 07:37:01'),(257,5,'DERECHO EMPRESARIAL',7,1,'2025-06-07 07:37:01','2025-06-07 07:37:01'),(258,5,'JUICIO ORAL MERCANTIL',7,1,'2025-06-07 07:37:01','2025-06-07 07:37:01'),(259,5,'ETAPA DEL JUICIO ORAL',7,1,'2025-06-07 07:37:01','2025-06-07 07:37:01'),(260,5,'DERECHO PROCESAL CIVIL I',7,1,'2025-06-07 07:37:01','2025-06-07 07:37:01'),(261,5,'FISCAL II',7,1,'2025-06-07 07:37:01','2025-06-07 07:37:01'),(262,5,'CRIMINALISTICA',7,1,'2025-06-07 07:37:01','2025-06-07 07:37:01'),(263,5,'DERECHO AGRARIO',7,1,'2025-06-07 07:37:01','2025-06-07 07:37:01'),(264,5,'DERECHO PENITENCIARIO Y EJECUCION DE SENTENCIAS',8,1,'2025-06-07 07:37:01','2025-06-07 07:37:01'),(265,5,'TECNICAS DE EXPRESION',8,1,'2025-06-07 07:37:01','2025-06-07 07:37:01'),(266,5,'TALLER DE LITIGACION EN JUICIO ORAL',8,1,'2025-06-07 07:37:01','2025-06-07 07:37:01'),(267,5,'DERECHO PROCESAL CIVIL II',8,1,'2025-06-07 07:37:01','2025-06-07 07:37:01'),(268,5,'PROCESOS Y PROCEDIMIENTOS FISCALES',8,1,'2025-06-07 07:37:01','2025-06-07 07:37:01'),(269,5,'MEDICINA LEGAL',8,1,'2025-06-07 07:37:01','2025-06-07 07:37:01'),(270,5,'DERECHO PROCESAL AGRARIO',8,1,'2025-06-07 07:37:01','2025-06-07 07:37:01'),(271,6,'TEORIA DEL DISEÑO I',1,1,'2025-06-07 07:37:08','2025-06-07 07:37:08'),(272,6,'TALLER DE DISEÑO I',1,1,'2025-06-07 07:37:08','2025-06-07 07:37:08'),(273,6,'INTRODUCCION A LA COMUNICACIÓN',1,1,'2025-06-07 07:37:08','2025-06-07 07:37:08'),(274,6,'ESTRUCTURAS BASICAS PARA EL DIBUJO',1,1,'2025-06-07 07:37:08','2025-06-07 07:37:08'),(275,6,'METODOS DE REPRODUCCION I',1,1,'2025-06-07 07:37:08','2025-06-07 07:37:08'),(276,6,'INTRODUCCION A LOS MEDIOS IMPRESOS',1,1,'2025-06-07 07:37:08','2025-06-07 07:37:08'),(277,6,'HISTORIA DEL ARTE Y DEL DISEÑO',1,1,'2025-06-07 07:37:08','2025-06-07 07:37:08'),(278,6,'TEORIA DEL DISEÑO II',2,1,'2025-06-07 07:37:08','2025-06-07 07:37:08'),(279,6,'TALLER DE DISEÑO II',2,1,'2025-06-07 07:37:08','2025-06-07 07:37:08'),(280,6,'COMUNICACIÓN I',2,1,'2025-06-07 07:37:08','2025-06-07 07:37:08'),(281,6,'VOLUMEN DE DIBUJO',2,1,'2025-06-07 07:37:08','2025-06-07 07:37:08'),(282,6,'METODOS DE REPRODUCCION II',2,1,'2025-06-07 07:37:08','2025-06-07 07:37:08'),(283,6,'TIPOGRAFIA I',2,1,'2025-06-07 07:37:08','2025-06-07 07:37:08'),(284,6,'GEOMETRIA Y DESCRIPTIVA',2,1,'2025-06-07 07:37:08','2025-06-07 07:37:08'),(285,6,'TEORIA DEL DISEÑO III',3,1,'2025-06-07 07:37:08','2025-06-07 07:37:08'),(286,6,'DISEÑO DE EMPAQUES',3,1,'2025-06-07 07:37:08','2025-06-07 07:37:08'),(287,6,'COMUNICACIÓN II',3,1,'2025-06-07 07:37:08','2025-06-07 07:37:08'),(288,6,'DIBUJO DEL CUERPO HUMANO',3,1,'2025-06-07 07:37:08','2025-06-07 07:37:08'),(289,6,'METODOS DE REPRODUCCION III',3,1,'2025-06-07 07:37:08','2025-06-07 07:37:08'),(290,6,'TIPOGRAFIA II',3,1,'2025-06-07 07:37:08','2025-06-07 07:37:08'),(291,6,'PERSPECTIVA',3,1,'2025-06-07 07:37:08','2025-06-07 07:37:08'),(292,6,'TEORIA DEL DISEÑO IV',4,1,'2025-06-07 07:37:08','2025-06-07 07:37:08'),(293,6,'DISEÑO DE ENVASE',4,1,'2025-06-07 07:37:08','2025-06-07 07:37:08'),(294,6,'COMUNICACIÓN AUDIOVISUAL',4,1,'2025-06-07 07:37:08','2025-06-07 07:37:08'),(295,6,'TECNICAS DE REPRESENTACION I',4,1,'2025-06-07 07:37:08','2025-06-07 07:37:08'),(296,6,'COMPUTACION GRAFICA I',4,1,'2025-06-07 07:37:08','2025-06-07 07:37:08'),(297,6,'FOTOGRAFIA I',4,1,'2025-06-07 07:37:08','2025-06-07 07:37:08'),(298,6,'ADMINISTRACION DEL DISEÑO',4,1,'2025-06-07 07:37:08','2025-06-07 07:37:08'),(299,6,'ESTETICA',5,1,'2025-06-07 07:37:08','2025-06-07 07:37:08'),(300,6,'IMAGEN CORPORATIVA',5,1,'2025-06-07 07:37:08','2025-06-07 07:37:08'),(301,6,'ILUSTRACION',5,1,'2025-06-07 07:37:08','2025-06-07 07:37:08'),(302,6,'TECNICAS DE REPRESENTACION',5,1,'2025-06-07 07:37:08','2025-06-07 07:37:08'),(303,6,'COMPUTACION GRAFICA II',5,1,'2025-06-07 07:37:08','2025-06-07 07:37:08'),(304,6,'FOTOGRAFIA II',5,1,'2025-06-07 07:37:08','2025-06-07 07:37:08'),(305,6,'CONTABILIDAD Y FINANZAS PARA EL DISEÑO',5,1,'2025-06-07 07:37:08','2025-06-07 07:37:08'),(306,6,'MERCADOTECNIA Y PUBLICIDAD',6,1,'2025-06-07 07:37:08','2025-06-07 07:37:08'),(307,6,'CARTEL',6,1,'2025-06-07 07:37:08','2025-06-07 07:37:08'),(308,6,'DIBUJO DE ANIMACION',6,1,'2025-06-07 07:37:08','2025-06-07 07:37:08'),(309,6,'TECNICAS DE REPRESENTACION III',6,1,'2025-06-07 07:37:08','2025-06-07 07:37:08'),(310,6,'COMPUTACION GRAFICA III',6,1,'2025-06-07 07:37:08','2025-06-07 07:37:08'),(311,6,'MEDIOS DE DIFUSION',6,1,'2025-06-07 07:37:08','2025-06-07 07:37:08'),(312,6,'SEÑALETICA',7,1,'2025-06-07 07:37:08','2025-06-07 07:37:08'),(313,6,'DISEÑO EDITORIAL',7,1,'2025-06-07 07:37:08','2025-06-07 07:37:08'),(314,6,'ORGANIZACIÓN Y PRODUCCION GRAFICA I',7,1,'2025-06-07 07:37:08','2025-06-07 07:37:08'),(315,6,'METODOLOGIA DE LA INVESTIGACION',7,1,'2025-06-07 07:37:08','2025-06-07 07:37:08'),(316,6,'COMPUTACION GRAFICA IV',7,1,'2025-06-07 07:37:08','2025-06-07 07:37:08'),(317,6,'MEDIOS AUDIOVISUALES',7,1,'2025-06-07 07:37:08','2025-06-07 07:37:08'),(318,6,'DESARROLLO DE CAMPAÑAS',8,1,'2025-06-07 07:37:08','2025-06-07 07:37:08'),(319,6,'DISEÑO DE INTERIORES',8,1,'2025-06-07 07:37:08','2025-06-07 07:37:08'),(320,6,'ORGANIZACIÓN Y PRODUCCION GRAFICA II',8,1,'2025-06-07 07:37:08','2025-06-07 07:37:08'),(321,6,'PAGINAS WEB',8,1,'2025-06-07 07:37:08','2025-06-07 07:37:08'),(322,6,'TALLER DE REALIZACION',8,1,'2025-06-07 07:37:08','2025-06-07 07:37:08'),(323,6,'PROYECTO TERMINAL',8,1,'2025-06-07 07:37:08','2025-06-07 07:37:08'),(324,7,'CONTABILIDAD I',1,1,'2025-06-07 07:37:15','2025-06-07 07:37:15'),(325,7,'ADMINISTRACION I',1,1,'2025-06-07 07:37:15','2025-06-07 07:37:15'),(326,7,'INFORMATICA BASICA I',1,1,'2025-06-07 07:37:15','2025-06-07 07:37:15'),(327,7,'MATEMATICAS BASICAS',1,1,'2025-06-07 07:37:15','2025-06-07 07:37:15'),(328,7,'NOCIONES DE DERECHO',1,1,'2025-06-07 07:37:15','2025-06-07 07:37:15'),(329,7,'METODOLOGIA DE LA INVESTIGACION',1,1,'2025-06-07 07:37:15','2025-06-07 07:37:15'),(330,7,'CONTABILIDAD II',2,1,'2025-06-07 07:37:15','2025-06-07 07:37:15'),(331,7,'ADMINISTRACION II',2,1,'2025-06-07 07:37:15','2025-06-07 07:37:15'),(332,7,'INFORMATICA BASICA II',2,1,'2025-06-07 07:37:15','2025-06-07 07:37:15'),(333,7,'MATEMATICAS FINANCIERAS',2,1,'2025-06-07 07:37:15','2025-06-07 07:37:15'),(334,7,'DERECHO MERCANTIL',2,1,'2025-06-07 07:37:15','2025-06-07 07:37:15'),(335,7,'SOCIOLOGIA DE LA ORGANIZACIÓN',2,1,'2025-06-07 07:37:15','2025-06-07 07:37:15'),(336,7,'CONTABILIDAD III',3,1,'2025-06-07 07:37:15','2025-06-07 07:37:15'),(337,7,'ADMINISTRACION III',3,1,'2025-06-07 07:37:15','2025-06-07 07:37:15'),(338,7,'INFORMATICA BASICA III',3,1,'2025-06-07 07:37:15','2025-06-07 07:37:15'),(339,7,'ESTADISTICA I',3,1,'2025-06-07 07:37:15','2025-06-07 07:37:15'),(340,7,'DERECHO DEL TRABAJO',3,1,'2025-06-07 07:37:15','2025-06-07 07:37:15'),(341,7,'MACROECONOMIA',3,1,'2025-06-07 07:37:15','2025-06-07 07:37:15'),(342,7,'DESARROLLO DE LIDERES EMPRENDEDORES',3,1,'2025-06-07 07:37:15','2025-06-07 07:37:15'),(343,7,'CONTABILIDAD IV',4,1,'2025-06-07 07:37:15','2025-06-07 07:37:15'),(344,7,'ADMINISTRACION DE RECURSOS HUMANOS',4,1,'2025-06-07 07:37:15','2025-06-07 07:37:15'),(345,7,'COSTOS I',4,1,'2025-06-07 07:37:15','2025-06-07 07:37:15'),(346,7,'ESTADISTICA II',4,1,'2025-06-07 07:37:15','2025-06-07 07:37:15'),(347,7,'CREACION DE EMPRESAS',4,1,'2025-06-07 07:37:15','2025-06-07 07:37:15'),(348,7,'MICROECONOMIA',4,1,'2025-06-07 07:37:15','2025-06-07 07:37:15'),(349,7,'ETICA DE LOS NEGOCIOS',4,1,'2025-06-07 07:37:15','2025-06-07 07:37:15'),(350,7,'INTRODUCCION A LA PROGRAMACION',5,1,'2025-06-07 07:37:15','2025-06-07 07:37:15'),(351,7,'MATEMATICAS AVANZADAS I',5,1,'2025-06-07 07:37:15','2025-06-07 07:37:15'),(352,7,'PROGRAMACION DE INTERFACES',5,1,'2025-06-07 07:37:15','2025-06-07 07:37:15'),(353,7,'ESTRUCTURA DE DATOS',5,1,'2025-06-07 07:37:15','2025-06-07 07:37:15'),(354,7,'INVESTIGACION DE OPERACIONES',5,1,'2025-06-07 07:37:15','2025-06-07 07:37:15'),(355,7,'INFORMATICA IV',5,1,'2025-06-07 07:37:15','2025-06-07 07:37:15'),(356,7,'PROGRAMACION DE SISTEMAS',6,1,'2025-06-07 07:37:15','2025-06-07 07:37:15'),(357,7,'MATEMATICAS AVANZADAS II',6,1,'2025-06-07 07:37:15','2025-06-07 07:37:15'),(358,7,'BASE DE DATOS',6,1,'2025-06-07 07:37:15','2025-06-07 07:37:15'),(359,7,'DIRECCION',6,1,'2025-06-07 07:37:15','2025-06-07 07:37:15'),(360,7,'SISTEMAS DE INFORMACION I',6,1,'2025-06-07 07:37:15','2025-06-07 07:37:15'),(361,7,'INFORMATICA V',6,1,'2025-06-07 07:37:15','2025-06-07 07:37:15'),(362,7,'TELECOMUNICACIONES I',7,1,'2025-06-07 07:37:15','2025-06-07 07:37:15'),(363,7,'MATEMATICAS AVANZADAS III',7,1,'2025-06-07 07:37:15','2025-06-07 07:37:15'),(364,7,'LABORATORIO DE BASE DE DATOS',7,1,'2025-06-07 07:37:15','2025-06-07 07:37:15'),(365,7,'ORGANIZACIÓN DE COMPUTADORAS I',7,1,'2025-06-07 07:37:15','2025-06-07 07:37:15'),(366,7,'SISTEMAS DE INFORMACION II',7,1,'2025-06-07 07:37:15','2025-06-07 07:37:15'),(367,7,'ADMINISTRACION DE CENTROS DE COMPUTO',7,1,'2025-06-07 07:37:15','2025-06-07 07:37:15'),(368,7,'TELECOMUNICACIONES II',8,1,'2025-06-07 07:37:15','2025-06-07 07:37:15'),(369,7,'MATEMATICAS AVANZADAS IV',8,1,'2025-06-07 07:37:15','2025-06-07 07:37:15'),(370,7,'SIMULACION DE SISTEMAS',8,1,'2025-06-07 07:37:15','2025-06-07 07:37:15'),(371,7,'ORGANIZACIÓN DE COMPUTADORAS II',8,1,'2025-06-07 07:37:15','2025-06-07 07:37:15'),(372,7,'ANALISIS Y DISEÑO DE SISTEMAS',8,1,'2025-06-07 07:37:15','2025-06-07 07:37:15'),(373,7,'INTELIGENCIA ARTIFICIAL',9,1,'2025-06-07 07:37:15','2025-06-07 07:37:15'),(374,7,'AUDITORIA EN INFORMATICA',9,1,'2025-06-07 07:37:15','2025-06-07 07:37:15'),(375,7,'ADMINISTRACION PUBLICA Y POLITICA INFORMATICA',9,1,'2025-06-07 07:37:15','2025-06-07 07:37:15'),(376,7,'SISTEMAS OPERATIVOS',9,1,'2025-06-07 07:37:15','2025-06-07 07:37:15'),(377,7,'LABORATORIO DE SISTEMAS',9,1,'2025-06-07 07:37:15','2025-06-07 07:37:15'),(378,8,'TRABAJO SOCIAL I',1,1,'2025-06-07 07:37:22','2025-06-07 07:37:22'),(379,8,'COMPUTACIÓN I',1,1,'2025-06-07 07:37:22','2025-06-07 07:37:22'),(380,8,'ESTADISTICA I',1,1,'2025-06-07 07:37:22','2025-06-07 07:37:22'),(381,8,'FILOSOFIA I',1,1,'2025-06-07 07:37:22','2025-06-07 07:37:22'),(382,8,'GEOHISTORIA CONTEMPORÁNEA DE MÉXICO',1,1,'2025-06-07 07:37:22','2025-06-07 07:37:22'),(383,8,'ANTROPOLOGÍA I',1,1,'2025-06-07 07:37:22','2025-06-07 07:37:22'),(384,8,'COMUNICACIÓN I',1,1,'2025-06-07 07:37:22','2025-06-07 07:37:22'),(385,8,'TRABAJO SOCIAL II',2,1,'2025-06-07 07:37:22','2025-06-07 07:37:22'),(386,8,'COMPUTACIÓN II',2,1,'2025-06-07 07:37:22','2025-06-07 07:37:22'),(387,8,'ESTADISTICA II',2,1,'2025-06-07 07:37:22','2025-06-07 07:37:22'),(388,8,'FILOSOFIA II',2,1,'2025-06-07 07:37:22','2025-06-07 07:37:22'),(389,8,'ANALISIS SOCIOECONOMICO Y POL. DE MEX.',2,1,'2025-06-07 07:37:22','2025-06-07 07:37:22'),(390,8,'ANTROPOLOGIA II',2,1,'2025-06-07 07:37:22','2025-06-07 07:37:22'),(391,8,'COMUNICACIÓN II',2,1,'2025-06-07 07:37:22','2025-06-07 07:37:22'),(392,8,'TRABAJO SOCIAL III',3,1,'2025-06-07 07:37:22','2025-06-07 07:37:22'),(393,8,'COMPUTACIÓN III',3,1,'2025-06-07 07:37:22','2025-06-07 07:37:22'),(394,8,'ESTADISTICA III',3,1,'2025-06-07 07:37:22','2025-06-07 07:37:22'),(395,8,'PRINCIPIOS GENERALES DEL DERECHO',3,1,'2025-06-07 07:37:22','2025-06-07 07:37:22'),(396,8,'CULTURAS INDIGENAS DE LA ENTIDAD I',3,1,'2025-06-07 07:37:22','2025-06-07 07:37:22'),(397,8,'GEOHISTORIA DE CHIAPAS',3,1,'2025-06-07 07:37:22','2025-06-07 07:37:22'),(398,8,'TALLER DE TÉCNICAS DE ENSEÑANZA',3,1,'2025-06-07 07:37:22','2025-06-07 07:37:22'),(399,8,'TRABAJO SOCIAL IV',4,1,'2025-06-07 07:37:22','2025-06-07 07:37:22'),(400,8,'PRACTICAS DE TRABAJO SOCIAL I',4,1,'2025-06-07 07:37:22','2025-06-07 07:37:22'),(401,8,'ESTADISTICA IV',4,1,'2025-06-07 07:37:22','2025-06-07 07:37:22'),(402,8,'DERECHO CONSTITUCIONAL',4,1,'2025-06-07 07:37:22','2025-06-07 07:37:22'),(403,8,'CULTURAS INDIGENAS DE LA ENTIDAD II',4,1,'2025-06-07 07:37:22','2025-06-07 07:37:22'),(404,8,'ANALISIS SOCIOECONOMICO Y POLITICO DE CHIAPAS',4,1,'2025-06-07 07:37:22','2025-06-07 07:37:22'),(405,8,'TALLER DE ELABORACION DE MAT. DIDAC.',4,1,'2025-06-07 07:37:22','2025-06-07 07:37:22'),(406,8,'TRABAJO SOCIAL V',5,1,'2025-06-07 07:37:22','2025-06-07 07:37:22'),(407,8,'PRACTICAS DE TRABAJO SOCIAL II',5,1,'2025-06-07 07:37:22','2025-06-07 07:37:22'),(408,8,'ADMINISTRACION',5,1,'2025-06-07 07:37:22','2025-06-07 07:37:22'),(409,8,'DERECHOS HUMANOS',5,1,'2025-06-07 07:37:22','2025-06-07 07:37:22'),(410,8,'PSICOLOGIA SOCIAL',5,1,'2025-06-07 07:37:22','2025-06-07 07:37:22'),(411,8,'NOCIONES DE LA SALUD PÚBLICA',5,1,'2025-06-07 07:37:22','2025-06-07 07:37:22'),(412,8,'TALLER DE LECTURA Y REDACIÓN I',5,1,'2025-06-07 07:37:22','2025-06-07 07:37:22'),(413,8,'TRABAJO SOCIAL VI',6,1,'2025-06-07 07:37:22','2025-06-07 07:37:22'),(414,8,'PRACTICAS DE TRABAJO SOCIAL III',6,1,'2025-06-07 07:37:22','2025-06-07 07:37:22'),(415,8,'TALLER DE ADMINISTRACIÓN DE PROYECTOS',6,1,'2025-06-07 07:37:22','2025-06-07 07:37:22'),(416,8,'DERECHO CIVIL FAMILIAR',6,1,'2025-06-07 07:37:22','2025-06-07 07:37:22'),(417,8,'EDUCACIÓN REPRODUCTIVA',6,1,'2025-06-07 07:37:22','2025-06-07 07:37:22'),(418,8,'TALLER DE LECTURA Y REDACCIÓN II',6,1,'2025-06-07 07:37:22','2025-06-07 07:37:22'),(419,8,'TALLER DE INVESTIGACIÓN SOCIAL I',6,1,'2025-06-07 07:37:22','2025-06-07 07:37:22'),(420,8,'TRABAJO SOCIAL VII',7,1,'2025-06-07 07:37:22','2025-06-07 07:37:22'),(421,8,'PRACTICAS DE TRABAJO SOCIAL IV',7,1,'2025-06-07 07:37:22','2025-06-07 07:37:22'),(422,8,'TALLER DE GRUPOS OPERATIVOS',7,1,'2025-06-07 07:37:22','2025-06-07 07:37:22'),(423,8,'DERECHO AGRARIO',7,1,'2025-06-07 07:37:22','2025-06-07 07:37:22'),(424,8,'PSICOPATOLOGIA Y SALUD MENTAL',7,1,'2025-06-07 07:37:22','2025-06-07 07:37:22'),(425,8,'EDUCACIÓN NUTRICIONAL I',7,1,'2025-06-07 07:37:22','2025-06-07 07:37:22'),(426,8,'TALLER DE INVESTIGACIÓN SOCIAL II',7,1,'2025-06-07 07:37:22','2025-06-07 07:37:22'),(427,8,'TRABAJO SOCIAL VIII',8,1,'2025-06-07 07:37:22','2025-06-07 07:37:22'),(428,8,'PRACTICAS DE TRABAJO SOCIAL V',8,1,'2025-06-07 07:37:22','2025-06-07 07:37:22'),(429,8,'DEÓNTOLOGIA DEL TRABAJO SOCIAL',8,1,'2025-06-07 07:37:22','2025-06-07 07:37:22'),(430,8,'DERECHO LABORAL',8,1,'2025-06-07 07:37:22','2025-06-07 07:37:22'),(431,8,'RELACIONES HUMANAS',8,1,'2025-06-07 07:37:22','2025-06-07 07:37:22'),(432,8,'EDUCACION NUTRICIONAL II',8,1,'2025-06-07 07:37:22','2025-06-07 07:37:22'),(433,8,'COOPERATIVISMO',8,1,'2025-06-07 07:37:22','2025-06-07 07:37:22');
/*!40000 ALTER TABLE `subjects` ENABLE KEYS */;
UNLOCK TABLES;

--
-- Table structure for table `users`
--

DROP TABLE IF EXISTS `users`;
/*!40101 SET @saved_cs_client     = @@character_set_client */;
/*!50503 SET character_set_client = utf8mb4 */;
CREATE TABLE `users` (
  `USER_ID` int NOT NULL AUTO_INCREMENT,
  `USER_EMAIL` varchar(255) NOT NULL,
  `USER_PASSWORD` varchar(255) NOT NULL,
  `USER_ROLE` varchar(50) NOT NULL DEFAULT 'admin',
  `USER_STATUS` tinyint NOT NULL DEFAULT '1',
  `USER_CREATION` timestamp NULL DEFAULT CURRENT_TIMESTAMP,
  `USER_LAST_UPDATE` timestamp NULL DEFAULT CURRENT_TIMESTAMP ON UPDATE CURRENT_TIMESTAMP,
  PRIMARY KEY (`USER_ID`),
  UNIQUE KEY `USER_EMAIL` (`USER_EMAIL`),
  CONSTRAINT `users_chk_1` CHECK ((`USER_ROLE` in (_utf8mb4'admin',_utf8mb4'superAdmin'))),
  CONSTRAINT `users_chk_2` CHECK ((`USER_STATUS` in (0,1)))
) ENGINE=InnoDB DEFAULT CHARSET=utf8mb4 COLLATE=utf8mb4_0900_ai_ci;
/*!40101 SET character_set_client = @saved_cs_client */;

--
-- Dumping data for table `users`
--

LOCK TABLES `users` WRITE;
/*!40000 ALTER TABLE `users` DISABLE KEYS */;
/*!40000 ALTER TABLE `users` ENABLE KEYS */;
UNLOCK TABLES;
/*!40103 SET TIME_ZONE=@OLD_TIME_ZONE */;

/*!40101 SET SQL_MODE=@OLD_SQL_MODE */;
/*!40014 SET FOREIGN_KEY_CHECKS=@OLD_FOREIGN_KEY_CHECKS */;
/*!40014 SET UNIQUE_CHECKS=@OLD_UNIQUE_CHECKS */;
/*!40101 SET CHARACTER_SET_CLIENT=@OLD_CHARACTER_SET_CLIENT */;
/*!40101 SET CHARACTER_SET_RESULTS=@OLD_CHARACTER_SET_RESULTS */;
/*!40101 SET COLLATION_CONNECTION=@OLD_COLLATION_CONNECTION */;
/*!40111 SET SQL_NOTES=@OLD_SQL_NOTES */;

-- Dump completed on 2025-06-07  1:38:01
